####
#
# OBJ File Generated by Meshlab
#
####
# Object cap.obj
#
# Vertices: 1002
# Faces: 2000
#
####
mtllib ./cap.obj.mtl

vn -0.7581944899829981 -0.6519666703399596 -0.0089764205141886
v -0.9519874148672914 -0.0296895952929278 -0.2207740190857961
vn -0.8403497146880998 -0.5417108706087699 -0.0190181410216090
v -0.9520324001040624 -0.0295054843433733 -0.3871933313528946
vn -0.8003653825404984 -0.5991376148093869 -0.0211984186042426
v -0.9511772260690466 -0.0322275533446228 0.0466190141660140
vn -0.9959540480094913 -0.0796094782098932 -0.0416877108109390
v -0.9520046112858065 -0.0078573307101656 0.0125320534524899
vn -0.6409741713914483 -0.7674790801425282 0.0113125219392142
v -0.9515898730654959 -0.0309470110881966 -0.2902267478907848
vn -0.7405014865862127 0.6720474704490914 0.0031218306466857
v -0.9517268407257008 0.0292042831234537 0.0833103794594556
vn -0.8430273204582455 0.5372459790011245 -0.0259170794672887
v -0.9518950387546118 0.0291183763583272 -0.0487343781394971
vn -0.7629063261851337 -0.6464253998222725 -0.0103990351147385
v -0.9520533194414950 -0.0288707334099604 -0.1247469777814893
vn -0.9998641067173345 0.0003695902612373 0.0164812469608756
v -0.9520001462428873 -0.0105630136999324 0.2088529185675013
vn -0.7273197491113687 -0.6862941251921068 0.0025211662731027
v -0.9509143085628526 -0.0324576096570603 0.3246201899214421
vn -0.8203151286424979 -0.5719113141608815 -0.0007337949412476
v -0.9518676460232138 -0.0303906321131643 0.1379267192399151
vn -0.5919894932133267 0.8059187664192077 -0.0065864905959998
v -0.9476336691763041 0.0333853394186178 -0.2416503537988432
vn -0.7373673484394317 -0.6754734797805574 -0.0049971560458434
v -0.9521194348328020 -0.0292266755897403 0.6016837044942230
vn -0.9159574176102601 0.4011756652267913 0.0089495672847894
v -0.9523445177858986 0.0199063227835130 -0.3866268391305851
vn -0.8023502127180424 0.5797295542020252 0.1419428763130904
v -0.9520791643517956 0.0300008769515188 0.6610783801483866
vn -0.7803540562758010 -0.5220166483268206 0.3443053379248375
v -0.9503097976042181 -0.0303056286931729 0.6882507177911321
vn -0.5180671021270730 -0.8553393860119333 0.0010061959978500
v -0.9450869671627115 -0.0352796213932118 -0.4720096114475333
vn -0.6156343838492153 0.7880275550799057 -0.0026225669453914
v -0.9498176519393946 0.0324072907709268 0.3127573998486841
vn -0.5942599273359481 0.8042465526282947 -0.0065285027515810
v -0.9454741577655664 0.0338680652497453 0.4854890479659028
vn -0.5781869357069305 -0.4781918500789168 -0.6610842774532855
v -0.9361747086269807 -0.0288372079872074 -0.7194140179659235
vn -0.6159053565084869 0.7878169473376400 -0.0022470673679217
v -0.9507264468198416 0.0321133236108964 -0.1528085659506081
vn -0.8105610816126861 0.5855993552348151 -0.0080080037113679
v -0.9521966230034045 0.0262281361848782 -0.4476573925897883
vn -0.8071591955772640 0.5903011930744730 0.0062076122557619
v -0.9507560191859917 0.0318032872995391 0.2200886401777815
vn -0.6208944335087976 -0.7838234664047299 0.0105297650050920
v -0.9489074514034441 -0.0340181063085951 0.4296681676988087
vn -0.0385222000150783 -0.9992476043503609 0.0045017003524329
v -0.9003130335658776 -0.0360114156517324 0.0846929640526896
vn -0.8111037522332371 -0.5847868553479747 0.0116205389457880
v -0.9504924300836081 -0.0330574197065942 0.2472000087770764
vn -0.8035747892984469 0.5640208497615307 -0.1901263764926827
v -0.9516366004911642 0.0312832906650244 -0.6721005104021958
vn -0.2302404348002751 0.9729324615906949 -0.0197931141069625
v -0.9248020234178709 0.0346363962848296 -0.3968283642908049
vn -0.3905661020482042 0.7504747837323685 -0.5331469955957047
v -0.9176193706924060 0.0336903929187156 -0.7286392677869943
vn -0.7211721401782245 -0.6926817162756631 0.0101382527173626
v -0.9507311305879628 -0.0331408673274558 -0.5833281744437939
vn -0.6072963311474469 -0.7928293111156205 -0.0511160406406969
v -0.9501073611687670 -0.0335128137630425 -0.6469098185820322
vn -0.0342147283915643 0.9994076285673167 -0.0037073336164432
v -0.8843356364223792 0.0346605811168866 -0.4734101805346648
vn -0.0689029462251931 0.9976094304033435 0.0052733643724607
v -0.9174265550306336 0.0345272394156512 0.0128437584625634
vn -0.0310302747488945 -0.9995139636663986 -0.0029930728179284
v -0.8773611022917974 -0.0359019663298108 -0.2321167436255919
vn -0.7431676436424397 0.6690145897818103 0.0110150852025558
v -0.9517004853414371 0.0318557967294759 -0.5883443837316901
vn -0.8482968396328594 -0.5295201685999678 0.0009289320559792
v -0.9506637692260136 -0.0330159201377843 -0.3512679133246427
vn -0.0201224765186828 0.9997930014621081 0.0030066869049104
v -0.8790765230330608 0.0345913989844662 0.0690111490669071
vn -0.0315032780779908 0.9995034561734145 -0.0006201352595819
v -0.9026756100616959 0.0347765649637129 -0.0732022847750758
vn -0.0789885046383795 -0.9968524502070824 -0.0067829677228304
v -0.9203170527011564 -0.0359827159169315 -0.0454858910020731
vn -0.0201814874528100 0.9997935169089845 -0.0023729961980775
v -0.9072193372882904 0.0345579683048026 0.3419355491829402
vn -0.6070419853795634 0.7945116617907714 0.0158507812080339
v -0.9491450436978917 0.0330001201639903 0.4085515146565073
vn -0.7268563344815605 -0.6866011871379339 -0.0160834960381581
v -0.9493360605737234 -0.0340185257366435 0.5021603817305300
vn -0.0176348923056074 0.9998441264859362 -0.0008563322630843
v -0.8900151372261755 0.0345419201391324 -0.2062592349004002
vn -0.6096563559391126 0.7923796053774292 -0.0212999681913264
v -0.9499411307602375 0.0328749450844268 0.5389880100791851
vn -0.2363328786862799 -0.5826433734111287 0.7776075294594029
v -0.9079600663887057 -0.0297536450203826 0.7351879875202011
vn -0.0250381758010431 -0.9996675813689699 -0.0061495131896600
v -0.9022644917813104 -0.0357546462501909 -0.5860403382347144
vn -0.0388410814422455 -0.9991496230507545 0.0138347804439446
v -0.8980505093423958 -0.0359493405619732 0.6325395773558171
vn -0.4035859817425164 0.7356905017165410 0.5439465424331633
v -0.9088871443057611 0.0315638816070431 0.7369017207154792
vn -0.6728492009647824 0.7396758071702006 -0.0123956866758638
v -0.9494690764983769 0.0325215014690312 -0.3132300749347374
vn -0.0446929375205421 -0.9990002183459099 0.0010512281432940
v -0.8934442092144106 -0.0361175460591044 -0.4013135500951566
vn -0.0899667343297434 0.5816592391907117 -0.8084420301902442
v -0.8735770406723313 0.0336407977425964 -0.7370140033611723
vn -0.0217846261415483 0.9997543980946308 -0.0040710630448866
v -0.8863732895878348 0.0345854994528427 -0.6653602476301923
vn -0.0199617629880591 -0.9997991934804976 0.0017608901599073
v -0.8792387327890965 -0.0357509032550643 0.2400719681370178
vn -0.0189992147983179 -0.9998176343114850 -0.0019307917632889
v -0.8776354340189004 -0.0360839517408208 0.3172620084553655
vn -0.0040422072308406 0.9999811529608246 0.0046210695561439
v -0.8682143993887367 0.0345453884522106 0.3457182923159230
vn -0.0250908601626359 0.9996849929226256 -0.0006030436047159
v -0.8985100028256232 0.0345541427653503 -0.5846483021733015
vn 0.0038583423076207 0.9981478522290185 0.0607122581134548
v -0.8732659686146653 0.0347742554172993 0.6936026169474222
vn -0.1194800449006239 -0.6984628428337707 -0.7056019954982498
v -0.8708630244227549 -0.0345297975810799 -0.7352350561098910
vn -0.0506165637533199 -0.9987018656119568 -0.0057050063105120
v -0.8999351691799908 -0.0362076745216622 -0.1353216099501295
vn -0.0337527350903537 0.9994114731335514 -0.0061204773461626
v -0.8955725293032007 0.0346606391034271 0.1384210247678531
vn -0.0405680995286181 -0.9991757080678016 -0.0014607216858442
v -0.9023883276341436 -0.0357989924723041 0.1537159410197111
vn -0.0082964496528140 -0.9999636723983678 0.0019551999201929
v -0.8714956840207005 -0.0357318003333645 0.4110604070162654
vn -0.0051444958449391 0.9999816760909808 0.0031908689684948
v -0.8725642944520751 0.0345493779074779 -0.3374849899470878
vn -0.0368247489128887 0.9992811847518578 0.0090028700104952
v -0.9029729076763253 0.0350123777819120 0.6241410953773597
vn 0.0002139651208151 0.9999998876533999 0.0004229800403844
v -0.8677092090502780 0.0345411660948716 0.0282711789941856
vn -0.0341677524343462 -0.9987585010065859 -0.0362494325564217
v -0.8869050807231084 -0.0362123279630939 -0.6910705620610931
vn -0.0078815273268318 0.9999686614546803 -0.0007467499792474
v -0.8608327553390130 0.0345458581118461 -0.2749722756555610
vn -0.0261080356695651 -0.9996569036221283 0.0021084387815801
v -0.8647698423828761 -0.0357301417913383 0.5262032863420906
vn -0.0073652285974016 0.9999703254667148 0.0022586707817125
v -0.8518234737193636 0.0345525300753562 0.5294123023282628
vn -0.0232438994655474 0.9997280020232835 0.0019086927906676
v -0.8925924795409971 0.0346560001968305 0.2422446891233751
vn -0.0030776292604140 0.9999878387701057 -0.0038536359491327
v -0.8512733120911022 0.0345491615195879 0.5816848608113800
vn 0.0000412679522026 0.9999999969377275 0.0000664943689476
v -0.8459254959578826 0.0345449079062307 -0.3105585307107917
vn 0.0026576943719496 -0.9999960104997868 0.0009568934818609
v -0.8726251824648433 -0.0357352767245817 -0.0356195585740473
vn -0.0008535233517411 -0.9999992648454620 0.0008612818490360
v -0.8648753711667256 -0.0357296732651589 -0.5710479871722993
vn -0.0077386943081689 0.9999686143893729 -0.0016978947559625
v -0.8694900255860863 0.0345426802336555 0.2934165738846508
vn 0.0008784012187120 -0.9999993535643025 -0.0007219988061968
v -0.8119241621493892 -0.0357260442434453 0.5685824945401690
vn -0.0132952941032231 0.9999099017968045 -0.0018502549591011
v -0.8807726550815390 0.0345719101054412 -0.1515782475214979
vn -0.0008603928815560 -0.9999980235085394 -0.0017924014907639
v -0.8549409058382563 -0.0357321636787243 -0.4704410749450560
vn -0.0015104598418865 0.7439578058953105 0.6682248884608397
v -0.7867035867859414 0.0270098537865036 0.7384854360274508
vn 0.0005487824776126 0.9999991758036543 0.0011607022893454
v -0.8558924324622156 0.0345394921664176 -0.4214529539812498
vn -0.0225989609734046 -0.9997444670833014 0.0005361895634162
v -0.8707121315497300 -0.0357420609089965 -0.2817097929408438
vn -0.0061380931167518 0.9999810820419297 -0.0003992131531661
v -0.8625204311236150 0.0345531640908500 0.4368997877301508
vn -0.0023266687576759 0.9999938683122300 -0.0026172409965891
v -0.8534164568790528 0.0345470709258942 -0.2174532212650158
vn -0.0132353891064347 -0.9996875738164110 0.0212032835254161
v -0.8245495924512095 -0.0357330151034652 0.6668610589905331
vn 0.0013048870369790 -0.9999991439805582 -0.0000964778290386
v -0.8095366121687244 -0.0357195869959322 -0.4057482417048069
vn 0.0007867370285780 0.9999996280086018 0.0003535922878057
v -0.8227775805829737 0.0345517308470617 0.2126142668972558
vn 0.0021011779837752 -0.9999977825444528 -0.0001412701586260
v -0.8032703648609497 -0.0357310924485957 -0.1334001884717284
vn 0.0005360567355845 0.9999998543681426 -0.0000625049584936
v -0.7998347197116974 0.0345548041334449 0.1446161562973103
vn 0.0012859539036965 0.9999979865462315 -0.0015405278447714
v -0.8563532555555562 0.0345590871652518 -0.1120381654832774
vn 0.0000208433570150 0.9999999996720796 0.0000148793482126
v -0.7662406708733002 0.0345435878931638 0.2436686575859624
vn 0.0008405151481616 -0.9999993027479631 0.0008294804840769
v -0.8054875024522317 -0.0357311390277386 0.3907168627116517
vn 0.0000093548154740 -0.9999999939253843 0.0001098258564230
v -0.7678467912213877 -0.0357182190278991 -0.5891941689910667
vn 0.0006689418035945 0.9999993995699746 -0.0008679726687535
v -0.8034188418752732 0.0345570232445717 -0.0985404875947186
vn 0.0018245844198870 0.7810322104211300 -0.6244880760882295
v -0.7728120125167106 0.0333485024273623 -0.7358219882806289
vn 0.0001051354712664 0.9999853542594899 -0.0054111193902257
v -0.7924367788897063 0.0345876656091557 -0.6566832408340334
vn 0.0006967499936221 -0.9999996745329400 -0.0004067842922249
v -0.7989178550636896 -0.0357298897495255 0.0236921626505281
vn -0.0105839929794588 -0.9999438948344146 0.0004315970248725
v -0.8687364159844514 -0.0357339678747476 0.4765982731967137
vn 0.0003503117274486 -0.9999999248417982 0.0001661267328477
v -0.8123499744427396 -0.0357241668147638 0.1513211075043047
vn 0.0013622833229270 -0.9999987361211001 0.0008197196780918
v -0.8001944028126886 -0.0357274980805518 -0.0627211538260586
vn 0.0067715875359843 -0.8234522641223166 -0.5673451456689067
v -0.8029936574516066 -0.0326907758035486 -0.7376174417074755
vn -0.0011820253527654 0.9999992965290391 0.0000987800191107
v -0.7844267672551833 0.0345493440413300 0.4819811960121327
vn -0.0000204734748142 0.9999999993522803 -0.0000296019603182
v -0.8013158593991332 0.0345587387918009 0.3259157905676263
vn 0.0001154628201771 -0.9999999772206015 0.0001795191737375
v -0.8077045270317167 -0.0357328605294326 -0.6002283349925446
vn 0.0000468008090377 0.9999999964184172 -0.0000705184366316
v -0.7541439069007226 0.0345357405595630 -0.1418037628800674
vn -0.0016651214092783 -0.9999710713606437 -0.0074218469762474
v -0.8100127079875451 -0.0357315369889290 -0.6506993707052906
vn 0.0009353811607604 0.9999994751051712 0.0004181524435768
v -0.7944166023763958 0.0345571789279422 -0.0466014300465450
vn -0.0000088959653410 -0.9999999968273672 0.0000791588760767
v -0.7779520963510798 -0.0357202484666829 0.4678807842300135
vn 0.0015940326976941 0.9991693622196933 0.0407190945534146
v -0.8125894056197335 0.0345501473310673 0.6779816970363393
vn -0.0001207555331793 0.9999998371485443 0.0005577822029519
v -0.7846371375441046 0.0345589900544059 -0.3951493098599074
vn 0.0000499442487967 -0.9999999986676236 -0.0000130508539635
v -0.7671778480203457 -0.0357144244063067 0.5251454730402603
vn 0.0002860757708985 0.9999999272430339 -0.0002523382256434
v -0.8498912143471725 0.0345565916170025 -0.5250223431939528
vn 0.0002171923683263 0.9999999549048190 0.0002074074135341
v -0.7965472619336160 0.0345562399768300 -0.5784108375631511
vn 0.0000807039274533 0.9999999942071703 0.0000712217330242
v -0.7409825909548630 0.0345437457589293 -0.0947149962486694
vn 0.0001377782728081 0.9999999620754705 -0.0002384663610376
v -0.7779982594870335 0.0345460179646900 0.0647316907374545
vn -0.0030125240374031 0.9999663920982388 -0.0076249178982775
v -0.7428475579675268 0.0345638015565354 -0.6715569726082258
vn -0.0011501304018650 0.9999988320517587 -0.0010065262924619
v -0.7873140421431484 0.0345535008272644 0.6480472045848209
vn 0.0008246910076971 -0.9999995199231275 0.0005291864096878
v -0.7820839227646559 -0.0357257400240103 0.1043314809234801
vn 0.0001472999956100 0.9999999877406487 -0.0000531169819840
v -0.7485822657357786 0.0345435448384038 0.1355714341228349
vn -0.0000386699144826 0.9999996510945803 -0.0008344551248073
v -0.7412511889709077 0.0345496340487348 0.5990457707544533
vn -0.0000003672174398 0.9999999995889307 0.0000286706095663
v -0.7700972101677196 0.0345394437978831 -0.2141529217690181
vn -0.0042993128883743 -0.9999756359887172 -0.0054993942983308
v -0.7582297069868751 -0.0357309854206808 -0.6572959250818510
vn 0.0047278303189703 -0.9999350993197972 0.0103655568486362
v -0.7543453497863071 -0.0363361528745735 0.6697393211739915
vn 0.0000022247100731 -0.9999999992670666 0.0000382219465161
v -0.7467533177124689 -0.0357274923210663 0.4193055424965561
vn -0.0000869530405996 -0.9999999961371546 -0.0000128397710589
v -0.7408246705801210 -0.0357327951744194 0.1329890304798304
vn 0.0006997767441952 -0.9999996945664540 -0.0003481084705329
v -0.7746919508406913 -0.0357223517683042 0.2961639655174398
vn -0.0031060810764323 -0.9920701208133945 -0.1256472349462716
v -0.7417370704524852 -0.0359476118112856 -0.7027780297814440
vn -0.0031976414084752 -0.9993295621248589 0.0364719255422676
v -0.7732319344840801 -0.0359683878568397 0.6928731201310017
vn -0.0001099890460081 -0.9999971131667694 -0.0024003250898556
v -0.7895134009653563 -0.0357263172491532 0.6072225902481587
vn 0.0000843187672465 -0.9999999964438321 0.0000016374377355
v -0.7528412194797979 -0.0357258410490177 -0.0765035060580848
vn 0.0000852414762560 0.9999999914215726 0.0000994522285187
v -0.7483837914284379 0.0345333952908455 -0.0289238694195042
vn 0.0000578409609338 0.9999999977834808 0.0000329766845038
v -0.7699954253992418 0.0345447503767130 0.4128331901218232
vn -0.0000175473617737 0.9999999969937015 0.0000755293800817
v -0.7663825189211633 0.0345442663045537 -0.2968157282211346
vn 0.0051152447233666 -0.4923100127631874 -0.8704048975072063
v -0.7534968766389177 -0.0266048186622650 -0.7394700066191617
vn -0.0000026761836808 -0.9999999999929413 -0.0000026373255495
v -0.7526707471673777 -0.0357283530178740 -0.4475516252174907
vn 0.0005124130743705 -0.9999998482538434 0.0002022996087381
v -0.7425377899211314 -0.0357336383844922 -0.1608833579356955
vn -0.0002025849396143 0.9999999660898833 0.0001636446599586
v -0.7250773916574043 0.0345386472013696 -0.0708911743899957
vn 0.0000173803028010 0.9999999998487443 -0.0000006606449079
v -0.7240819937635997 0.0345446887046822 0.3920484598351254
vn 0.0000968033348214 0.9999999611402095 0.0002614358309840
v -0.7480425058826852 0.0345505942103856 -0.5992268568287211
vn 0.0000032353011763 -0.9999999964253223 -0.0000844919411452
v -0.6905755598415041 -0.0357224208256429 -0.0237559279813509
vn -0.0017812565864652 0.9987452244209687 0.0500480151582639
v -0.6851721049090010 0.0348958175679393 0.7042909388422486
vn -0.0000348329253165 -0.9999999993863902 -0.0000037265115003
v -0.7315810049484738 -0.0357308749151174 -0.3430635670793853
vn 0.0000108564208501 -0.9999999995436678 -0.0000281922433819
v -0.7257660426879203 -0.0357248351537958 0.3555361078000775
vn 0.0003924461236605 -0.9999997509695219 -0.0005865551417053
v -0.7635374977605317 -0.0357235126551389 -0.2617716484869190
vn -0.0000544150211188 -0.9999999953902335 0.0000791109245756
v -0.7366443004188663 -0.0357313584781225 -0.3064027154031254
vn 0.0000036922349779 0.9999999999105301 0.0000128571850769
v -0.6837332332131387 0.0345485075734698 -0.5268222885374064
vn -0.0001683382879390 0.9999987841500421 0.0015502776068626
v -0.6831260983132136 0.0345563541635948 -0.6159700769680211
vn 0.0008648128641117 -0.9999857373462943 -0.0052704082098237
v -0.6909101958075407 -0.0357309813408381 0.6363295622804592
vn -0.0000333787321825 0.9999999978076466 0.0000571888711409
v -0.6686903326031122 0.0345404699515460 0.0908849248394674
vn -0.0038576262085948 -0.8766237257890089 0.4811610563042599
v -0.7635071295619992 -0.0337496425380420 0.7368955179442194
vn -0.0000748838555264 0.9999999962313845 -0.0000439276560716
v -0.6803762233375646 0.0345457458785228 0.5226266736432188
vn -0.0000035607570303 -0.9999999946240934 0.0001036297947577
v -0.6739865020603408 -0.0357297541378011 0.2326701693644095
vn 0.0000221499083092 -0.9999999997388198 -0.0000056339758432
v -0.6347018541104426 -0.0357266406446138 0.4007805393678404
vn 0.0000078461051268 -0.9999999995750674 0.0000280767514432
v -0.6846056837463472 -0.0357272061803870 0.4552741020899721
vn -0.0001301301005850 0.9999999910614593 0.0000307121828313
v -0.6831306032136732 0.0345483488498440 0.0281894858670946
vn -0.0125809599957309 -0.8814684102347288 -0.4720753766125125
v -0.6777420868845652 -0.0351886737449936 -0.7324855634601003
vn -0.0000352448247172 -0.9999999991267357 -0.0000224573213247
v -0.6884102524921002 -0.0357281596146668 0.5756131991020781
vn -0.0000503649637246 -0.9999999963593118 0.0000688821222339
v -0.7319090036474259 -0.0357342451930973 0.2099974982795306
vn -0.0273722753258805 0.3147682441659506 -0.9487737933818412
v -0.6607381265485506 0.0237005704224038 -0.7395390189885206
vn -0.0000101668186893 -0.9999999974469359 -0.0000707302191321
v -0.6766899459204401 -0.0357333199250357 0.0376133369501107
vn -0.0000090868277461 0.9999999997238481 -0.0000216733332265
v -0.6642584180750587 0.0345508731206141 -0.3087980691617482
vn -0.0000654028987265 0.9999999974363130 0.0000291519277118
v -0.6757230548978167 0.0345463433466592 -0.2443927847244773
vn 0.0000041801230409 0.9999999988997921 0.0000467219703539
v -0.6616281836511315 0.0345477450862469 0.2666014644693999
vn 0.0000468338027019 -0.9999999988259181 -0.0000124402138792
v -0.6808085983369816 -0.0357299874252378 -0.3589870691828032
vn -0.0000021850675941 0.9999999996482852 -0.0000264320817831
v -0.6682949163800828 0.0345453712659050 0.3284442124773219
vn -0.0000490912140989 -0.9999999961108885 0.0000732685174291
v -0.6783194968749051 -0.0357267254140840 -0.4671413624635897
vn 0.0053614645105017 0.9999295326033246 0.0105917196903715
v -0.6453143934131831 0.0345586151658624 0.6454905687975229
vn 0.0002246549523253 0.9999999639758191 -0.0001468962652788
v -0.6877774125972983 0.0345519599916881 -0.4637373757438226
vn 0.0000393896238389 -0.9999999989135396 0.0000249274607508
v -0.6344829295517468 -0.0357221912624345 0.4922011878110386
vn -0.0001013193852057 0.9999999948042899 0.0000112161540631
v -0.6545749567338314 0.0345565783608383 -0.0498449508200353
vn -0.0000374155727886 -0.9999999967398979 0.0000715561256450
v -0.6635875696905131 -0.0357395231778507 -0.5186471941409702
vn 0.0069636260519173 0.5992978716873999 0.8004958269117721
v -0.6393245126910867 0.0315562533146598 0.7369624215498196
vn 0.0006338502964561 -0.9997389854958488 0.0228376687411963
v -0.6438374424425400 -0.0359119556219011 0.6640650391050454
vn 0.0000384511343645 0.9999999989468235 0.0000250572009728
v -0.6759901091539244 0.0345458695580719 -0.4096635427848964
vn 0.0000164465175128 -0.9999999988687959 0.0000446309320820
v -0.6282198795663624 -0.0357329208941627 0.2015737128564373
vn 0.0000196465263836 -0.9999999988422421 0.0000439264134363
v -0.6420567662038755 -0.0357273277132306 0.2843214492017430
vn 0.0000229440759651 -0.9999999987833968 0.0000436666440653
v -0.6725748719583508 -0.0357147797665904 -0.2226247800635063
vn -0.0019017559905593 -0.9999980419950928 -0.0005471107135604
v -0.6293158754431185 -0.0357284833017338 -0.6251010395455973
vn 0.0000180542321425 0.9999999998313981 0.0000033538360849
v -0.6719693658938007 0.0345492265764559 0.2074429840688294
vn 0.0000449830351565 -0.9999999981185702 -0.0000417059471163
v -0.6000643559781941 -0.0357329263620177 0.0922322633832745
vn -0.0004424965623940 -0.9999997494266936 0.0005525788109338
v -0.5945676305695059 -0.0357295791080436 -0.5393220367735664
vn 0.0000130177283019 -0.9999999998456289 -0.0000118017229537
v -0.6349288224958852 -0.0357251800937909 -0.4051240873516022
vn 0.0000276144169288 -0.9999999960949011 0.0000839502334845
v -0.6697633490774434 -0.0357350807605560 -0.6176845578524852
vn -0.0490347517552825 0.6853620651997724 -0.7265496766948567
v -0.6201893277325242 0.0317906844300469 -0.7376043878180993
vn 0.0000201485837055 0.9999999987969496 0.0000447228701930
v -0.5719706843050846 0.0345476831033342 0.0871222005906577
vn 0.0000296285278033 0.9999999995196130 0.0000091062801494
v -0.6725836856922549 0.0345488245282427 -0.3505517609495050
vn -0.0000595181514815 0.9999999975154028 0.0000377727956596
v -0.6187828147888937 0.0345512176641818 -0.2006693301248405
vn 0.0000073564922994 -0.9999999999270129 -0.0000095841598608
v -0.6557714639556416 -0.0357264610494845 -0.0468591388543545
vn -0.0000057714382459 0.9999999998639367 0.0000154537103672
v -0.5952039824309417 0.0345419427686256 0.2919488922208738
vn -0.0043003336988053 -0.6917209134230556 0.7221521204450294
v -0.6389977501289570 -0.0307116453693951 0.7378794720676192
vn 0.0000077332244976 0.9999999997507164 0.0000209467006857
v -0.6203657365322851 0.0345521673971242 -0.4951734899604447
vn 0.0000086938174453 0.9999999984529900 0.0000549403075403
v -0.6279648731568572 0.0345545377774213 0.0296247304576179
vn -0.0000110288998812 -0.9999999992931953 0.0000359440230173
v -0.6355130214522278 -0.0357256425378925 -0.2754306873141260
vn -0.0000282786647043 0.9999999984833342 -0.0000472614910831
v -0.6289925772930145 0.0345606868478766 0.5808337843303182
vn -0.0000247550552711 0.9999999996725192 -0.0000064922155505
v -0.5857570758696304 0.0345502793597792 -0.4108609585939073
vn -0.0112451476766259 0.9982120437698371 -0.0587048748110045
v -0.6388665296236238 0.0348887581542161 -0.6842669102506677
vn -0.0059481700065185 -0.8213947651124901 -0.5703290796718774
v -0.6368503254884474 -0.0335434799978948 -0.7365968053526880
vn 0.0000076801430299 0.9999999992370804 -0.0000382995407523
v -0.5585573739141904 0.0345411764960879 -0.0753190875987533
vn -0.0000189188199285 0.9999999960417389 -0.0000869402126122
v -0.6123047463252512 0.0345488781049232 0.3521556927748886
vn -0.0002722061474324 -0.9999996111370671 -0.0008388262799504
v -0.6311201412927629 -0.0357255029791388 0.5810854338281776
vn 0.0000431713752959 -0.9999999984391792 0.0000354665187019
v -0.5627101142915846 -0.0357289199741837 0.2248797368170552
vn -0.0000181202367099 0.9999999994211540 -0.0000287984179848
v -0.6239878469672865 0.0345542428891418 0.4575424353425653
vn 0.0000642415797342 0.9999999958458986 -0.0000646623697717
v -0.5702307646945103 0.0345496685594676 0.5149031462338199
vn 0.0000135431406254 0.9999999997597214 -0.0000172377672362
v -0.5868527819036452 0.0345421735103029 -0.3405056079023306
vn 0.0051454166083353 -0.9998457602676859 -0.0167922709202782
v -0.5937511379943573 -0.0357407005937539 -0.6700410301059405
vn 0.0000094930685659 0.9999999999517886 0.0000025108869881
v -0.5935818917858674 0.0345516434953982 0.2131556186402219
vn 0.0000365519146200 -0.9999999990520421 -0.0000236616453295
v -0.5941436397293000 -0.0357213546556733 0.3409165826655735
vn 0.0055588450181843 -0.0056199476634095 0.9999687572271068
v -0.5844063343806476 0.0045670876688934 0.7382101676962162
vn 0.0000209538703241 0.9999999996513381 0.0000160704393209
v -0.5466339503839502 0.0345466781097643 -0.4679611594622048
vn -0.0111191568649690 -0.9995656455079867 0.0272925753789176
v -0.5832250647322259 -0.0359989057857160 0.6850498307829789
vn 0.0000031519245153 -0.9999999999090079 -0.0000131167642690
v -0.5580195505924070 -0.0357173765934700 0.5317965300908767
vn 0.0000221878970328 0.9999999995752098 -0.0000189017898988
v -0.5703503189169319 0.0345487605607007 0.0238576046571207
vn -0.0000054799477648 -0.9999999999729191 0.0000049124233487
v -0.5632908132015565 -0.0357303437468328 -0.3310804184345505
vn -0.0237837759270657 0.7714588082174396 -0.6358346005262524
v -0.5288214125981746 0.0302198586044979 -0.7385328441214368
vn 0.0000377154913139 -0.9999999979865500 -0.0000510337299051
v -0.5932639869495615 -0.0357172755307856 -0.0226600144900961
vn 0.0004740271563085 0.9999979382347262 0.0019745441378038
v -0.5743173096421645 0.0345579065022811 -0.6416366084210808
vn 0.0054965405330933 -0.4068603076063717 0.9134738519172932
v -0.5201863240703448 -0.0282867139607949 0.7384859719861470
vn 0.0067798382672798 -0.9995216193308719 -0.0301755908518949
v -0.5499206327789347 -0.0360011293916679 -0.6600592829395245
vn 0.0000360319683440 -0.9999999987504153 0.0000346535219015
v -0.5802191442449242 -0.0357254191303687 -0.4718487009155158
vn -0.0000114692103002 -0.9999999998364176 0.0000139864946321
v -0.5955064420855187 -0.0357316065337752 -0.1335892047087202
vn 0.0000392926184187 0.9999999988346114 -0.0000280511551994
v -0.5522345127807813 0.0345496726619898 -0.1507823496581537
vn 0.0090690216069002 0.7521945517739403 0.6588786755759322
v -0.5330572881378829 0.0341182405764160 0.7313389230176724
vn 0.0000426304316478 0.9999999988467965 -0.0000221145473327
v -0.5826350697566709 0.0345529158534280 -0.2530441210376305
vn 0.0000656015268310 -0.9999999966092907 0.0000497780906490
v -0.5210226072182650 -0.0357251847909011 0.1216373611444289
vn -0.0003526204772300 0.9999991277244772 0.0012728743392894
v -0.5484444578522725 0.0345560394260290 0.6300599640025482
vn 0.0000706234055412 0.9999999972773274 -0.0000213934568025
v -0.5475510771966142 0.0345497078908030 0.2276044587733246
vn 0.0028905064560008 -0.5705971873642071 -0.8212249964196681
v -0.5567515209287525 -0.0281521754958246 -0.7390837591849982
vn 0.0069565489207266 -0.8759939661274061 0.4822718919193721
v -0.5529021942340727 -0.0348473787815916 0.7329773429130110
vn 0.0005999247102339 -0.9999993229170454 -0.0009971237599975
v -0.5356360165144147 -0.0357262734441845 0.6021930218705521
vn -0.0000571279625760 -0.9999999936098839 -0.0000975532070859
v -0.5451531034876511 -0.0357243460711510 0.0129332796449461
vn 0.0000130985229088 -0.9999999993529037 0.0000335055427297
v -0.5148105139069855 -0.0357220903910689 -0.4738324841949771
vn 0.0000421170405435 0.9999999990932597 0.0000062956655392
v -0.5622483863861581 0.0345539613906277 -0.5733748896506818
vn -0.0172362788211164 0.9997544275688796 -0.0139282177188186
v -0.5189584722836295 0.0345976788385663 -0.6675326126891848
vn 0.0000180806477987 -0.9999999992033234 0.0000355871231553
v -0.5434133250654466 -0.0357229572358980 -0.2471338325449632
vn 0.0000195689010677 -0.9999999997278376 0.0000127036629130
v -0.5451282461057321 -0.0357206770905303 0.2985199995575483
vn -0.0105920717887909 -0.9990428562176144 -0.0424403046145075
v -0.5109475100795873 -0.0357315779810876 -0.6672064759805894
vn -0.0000238852020131 0.9999999981654506 -0.0000556650339864
v -0.5059903132791936 0.0345451636829115 0.4981368632331665
vn -0.0536051319570858 0.9968304937398533 -0.0587831317490285
v -0.5068638899545573 0.0348091939378147 -0.7108462413311402
vn -0.0000057097354327 0.9999999977665460 -0.0000665905908605
v -0.5073633873146831 0.0345382148923141 -0.1585748885097507
vn 0.0000140348110800 -0.9999999990527013 -0.0000412022047331
v -0.4952916673253264 -0.0357284919986310 0.0345864561656801
vn 0.0000058443540390 -0.9999999998983734 0.0000130037208036
v -0.5307732791784207 -0.0357192181242948 -0.0879855939230507
vn -0.0000771733266351 0.9999999966365218 -0.0000277711006294
v -0.5392964776051202 0.0345467996399491 0.3181232534184230
vn -0.0000365104934443 0.9999999981856227 0.0000479138663901
v -0.5156306091492678 0.0345475095849172 -0.2906217659095461
vn -0.0000781530664947 0.9999999946811580 0.0000673036573365
v -0.5030203428178724 0.0345490227739203 0.0379568782315397
vn -0.0000678831674507 0.9999999969894022 0.0000375908393389
v -0.5001919207401579 0.0345589392071369 0.3854333830448802
vn -0.0000008896230011 0.9999999933117861 -0.0001156530848521
v -0.4986652083997601 0.0345351321576873 0.2067184030928015
vn -0.0000272219018753 -0.9999999984136417 -0.0000493121154139
v -0.4998596135903461 -0.0357207549911265 0.3307536862429790
vn -0.0000130871094302 -0.9999999975425310 0.0000688742738419
v -0.5454811574534109 -0.0357240150637872 0.4792426874004564
vn 0.0000227664516710 0.9999999499411930 0.0003155935675290
v -0.5240268045307515 0.0345478804052352 -0.6042320682160317
vn 0.0018316528674832 -0.9999875975258303 0.0046313974447473
v -0.5216366545537855 -0.0357252869554711 0.6567518018028758
vn -0.0000326965222238 0.9999999983790320 0.0000466140919420
v -0.5244164015439572 0.0345464596010890 0.4414641543299612
vn 0.0002961096817219 -0.9999997951172526 0.0005675248974819
v -0.5062499778264168 -0.0357281695799903 -0.5315016513559495
vn 0.0000039018180469 -0.9999999998955346 -0.0000139178548886
v -0.4986682743409697 -0.0357286847661173 -0.3539000492869282
vn -0.0003447446802135 0.9999953878618897 0.0030175165375472
v -0.4969916577024726 0.0345543393490061 0.6643709024613982
vn 0.0000399380109757 -0.9999999969783371 0.0000666954365060
v -0.4178027236844559 -0.0357205760814096 0.5072967742334944
vn -0.0000743569378190 -0.9999999972355111 0.0000001532915830
v -0.4340274494691764 -0.0357196988667204 -0.0403999852291400
vn -0.0000043472256243 -0.9999999977007311 0.0000676730335237
v -0.4602516879319042 -0.0357307883457683 -0.5769646413920968
vn -0.0000457483007146 0.9999999988971467 -0.0000106207146205
v -0.4687883834969609 0.0345604989057262 0.6122821502621811
vn -0.0000394411935304 -0.9999999934926157 0.0001070474689260
v -0.4132378594962866 -0.0357277625119620 -0.5168239472431667
vn 0.0164066225590374 0.1022721601341134 0.9946211479742966
v -0.4518065111934477 -0.0032350864587313 0.7381947895783528
vn 0.0009418771726049 0.9999909817919648 -0.0041411595156690
v -0.4515049358491632 0.0345570845374250 -0.6438122917394495
vn 0.0000219663423861 -0.9999998653736987 -0.0005184303852190
v -0.4497080515336527 -0.0357274511438123 0.6047228533807705
vn -0.0001436697816048 -0.9999999896061543 -0.0000121113615434
v -0.4272540895808147 -0.0357273723340794 -0.1463321549429034
vn -0.0000066160607530 0.9999999980184988 -0.0000626037561421
v -0.4347866689181389 0.0345499282918688 0.2895800539061605
vn 0.0000092052705686 -0.9999999989348393 -0.0000452281382601
v -0.4542532833988311 -0.0357222112587080 0.5659155288909237
vn -0.0000473410068192 0.9999999987757402 0.0000143996039751
v -0.4468183456071587 0.0345621993909708 0.0262653909074198
vn -0.0000320825079117 -0.9999999968720460 0.0000722953714987
v -0.4476970367572343 -0.0357257689616614 -0.2752128350018807
vn 0.0000650379837289 0.9999999970896516 0.0000398843037084
v -0.5022862421818749 0.0345400555194778 0.1245480117001229
vn -0.0002419780750291 -0.9999999705193606 0.0000201962704842
v -0.4610663104106881 -0.0357190491873321 0.1427004491350969
vn -0.0000095403121112 -0.9999999993350253 -0.0000351984636461
v -0.4485133337742521 -0.0357284573052489 0.3964044368821186
vn 0.0000163679691174 0.9999999993503541 0.0000321151248789
v -0.4249529544509454 0.0345508193666311 0.3920838025249897
vn -0.0000346020238380 0.9999999992093150 0.0000195977033076
v -0.4604899252658062 0.0345486224535048 -0.5863184056040547
vn -0.0002252437774530 -0.9999999744738568 0.0000178192752333
v -0.4329728658401745 -0.0357374763280178 0.2232507803145408
vn -0.0000363120177003 0.9999999950964426 -0.0000921333403852
v -0.4495031982978485 0.0345525487949873 0.5350811522630701
vn -0.0000298680683766 -0.9999999993177241 0.0000217359220492
v -0.4464155411564077 -0.0357183980918363 -0.2192347232602992
vn -0.0033709111683337 -0.9999412315139735 -0.0103039058717200
v -0.4372608796889585 -0.0357581366644375 -0.6618112085836658
vn -0.0002372313401367 0.9999997900635178 0.0006029877376317
v -0.4223453759346731 0.0345621481852853 0.6255400756234133
vn 0.0011796901250335 -0.9999991063690782 -0.0006289612497385
v -0.4566070024850326 -0.0357335564999272 -0.6137707490926380
vn -0.0000379579277505 0.9999999991109293 -0.0000183667391802
v -0.3785174591551191 0.0345565139706727 0.4809088022582592
vn -0.0000511809316129 0.9999999973590945 -0.0000515977078780
v -0.4362841728554593 0.0345513420354723 -0.0559679163093939
vn -0.0000279937804494 0.9999999993525835 0.0000226093148197
v -0.4219380779808618 0.0345519666324520 -0.2429411929697604
vn -0.0000292689949036 0.9999999936763388 -0.0001085847507498
v -0.4452752169978417 0.0345473030248852 -0.4304363854772252
vn 0.0145595550778249 -0.9973884869837397 0.0707405498156614
v -0.4557160000036907 -0.0358394759592876 0.6853116593776477
vn -0.0000063428725559 -0.9999999962608708 0.0000862439917957
v -0.4439895904065202 -0.0357258065659537 0.4616134305544065
vn -0.0000201062804043 0.9999999983167160 -0.0000544270650690
v -0.4532449982658296 0.0345596094740123 -0.3866611781239545
vn 0.0031261625445909 -0.6892869242639262 -0.7244817203674093
v -0.4582400389085448 -0.0331428642457316 -0.7377726859575974
vn -0.0000785969980114 0.9999999968885626 0.0000067369624233
v -0.4503499185093390 0.0345519839182558 -0.1549345731835861
vn -0.0000010817971171 -0.9999999995022739 -0.0000315322379071
v -0.4389124581098436 -0.0357232474678584 -0.4368136927818234
vn -0.0000218469356917 0.9999999987751288 -0.0000444123178403
v -0.4406692831484212 0.0345511556579486 -0.1089444453332558
vn 0.0000105806493718 -0.9999999990447970 -0.0000424082071946
v -0.3714417168338045 -0.0357154984586037 0.5366248267726285
vn -0.0000174494094109 0.9999999995556709 0.0000241697441674
v -0.3890363381295693 0.0345520414541142 -0.5085455092046366
vn -0.0000901517817893 -0.9999999939112756 0.0000636404342112
v -0.4032264781094572 -0.0357293384361257 -0.0863877352374341
vn -0.0081574095082755 -0.9992966550010086 0.0366012564526065
v -0.3940382612301766 -0.0358330211403825 0.6877834777351908
vn -0.0000259019689041 0.9999999995057381 0.0000178216675913
v -0.4472232103331573 0.0345510930161260 -0.4964773104820774
vn 0.0000031456598178 0.9999999976655968 0.0000682562187301
v -0.4325939802501328 0.0345524777537515 -0.3275006158331049
vn -0.0000527919601340 -0.9999999986060903 -0.0000009100892277
v -0.3812287427065695 -0.0357275030901222 -0.2475727638141014
vn -0.0001091062065210 -0.9999999925962193 0.0000538831792998
v -0.4307557530200141 -0.0357296612014172 0.2962305999201317
vn 0.0000277415852916 -0.9999999996003002 -0.0000054593123541
v -0.4005749709720965 -0.0357328897527827 0.3978825700190871
vn 0.0018977875785749 -0.9999980018846635 -0.0006281950231133
v -0.4056159227686107 -0.0357270482566321 0.6428510786657015
vn 0.0000405459929802 0.9999999991210274 0.0000106755641073
v -0.3845685101927339 0.0345474164972470 -0.2120832439575046
vn -0.0014677891929147 0.9999876172642218 -0.0047550933859824
v -0.3878352990306824 0.0345599527563410 -0.6401217623476790
vn 0.0000123979313544 0.9999999979624739 -0.0000626206299819
v -0.4134520557900858 0.0345587561362752 -0.3945406528966995
vn -0.0000737071643504 0.9999999860212442 -0.0001500825278904
v -0.4238631465695518 0.0345512925513357 0.2202628704380491
vn 0.0034577855514546 0.8156588413647412 -0.5785228588591880
v -0.4110183279179472 0.0332504793876970 -0.7356543066889605
vn -0.0000390882936893 -0.9999999988689486 -0.0000270962720336
v -0.3457596736781084 -0.0357261996293977 -0.4181717755059036
vn 0.0019952590922398 -0.5656384717164714 0.8246509190290212
v -0.4003447219604024 -0.0318603938225281 0.7373083531544886
vn -0.0000123938880439 -0.9999999993814798 0.0000329155276590
v -0.4240947721437903 -0.0357269218077936 -0.3160137119313468
vn -0.0000288928611516 0.9999999967917549 0.0000747107275631
v -0.3959300056200246 0.0345520420692110 0.0832011219434095
vn 0.0000056685517688 -0.9999999996618275 -0.0000253813390770
v -0.3836533217915958 -0.0357313642065141 0.1399284011121401
vn -0.0036878648918780 -0.8052548226130685 -0.5929174228431265
v -0.4000155244181184 -0.0348318656291053 -0.7347969416747190
vn -0.0000481873680872 -0.9999999986341431 -0.0000202408309860
v -0.4155949732014750 -0.0357268727893085 0.0710515708543218
vn 0.0000240948311662 -0.9999999995581480 0.0000174110054560
v -0.3449548296879443 -0.0357152773786905 0.3370136655731560
vn 0.0000278459232548 0.9999999988773447 -0.0000383394749610
v -0.3812742206669241 0.0345514829304491 -0.1403365907634045
vn 0.0000397926754795 0.9999999987953032 0.0000287391141344
v -0.3649331543962125 0.0345509933884534 -0.3200953996999034
vn 0.0147034505317362 0.8224496075832105 0.5686479152592436
v -0.4170207568207717 0.0341582964412264 0.7306126462590407
vn -0.0000203817362225 0.9999999997600668 -0.0000080281469870
v -0.3748509909788167 0.0345504100312577 0.3184604524473543
vn 0.0000686745150001 0.9999999974833736 -0.0000178062829980
v -0.3804394165395147 0.0345514549563208 -0.0237358157460956
vn 0.0000454046724030 -0.9999999942053115 0.0000976104119166
v -0.3843465194047994 -0.0357286060613403 0.2614412043584948
vn 0.0001096545288433 -0.9999999816594058 0.0001570257054567
v -0.3853295769644509 -0.0357336912258284 -0.6051289948088748
vn 0.0000047222874454 -0.9999999977391766 0.0000670771729217
v -0.3295889819779642 -0.0357217152641220 0.4620591216608932
vn -0.0246865058895188 -0.8391085218699499 0.5434035930615427
v -0.3293830586330793 -0.0352861985276389 0.7313841019375015
vn -0.0000519659230997 0.9999999909623123 -0.0001239956385576
v -0.3538708863661535 0.0345465057054635 0.1972656890268972
vn -0.0000432981868021 -0.9999999988739823 -0.0000194242764097
v -0.3403205467723150 -0.0357312273616749 0.0330190358379716
vn -0.0000252772324705 -0.9999999996790158 -0.0000017407482629
v -0.3753117649023389 -0.0357293939231135 -0.3400094982999363
vn -0.0004637212678422 0.9997824288377821 0.0208537754330255
v -0.3377500953417814 0.0346968711415270 0.6171193848889737
vn -0.0069976130120022 -0.0370845438865377 -0.9992876312738299
v -0.3104508699126909 0.0018033258117013 -0.7390957372122600
vn -0.0000372702981602 -0.9999999989073743 0.0000282165979954
v -0.3221816918461380 -0.0357359586596233 0.2065783812325477
vn -0.0000042634622154 -0.9999999987995443 0.0000488132604781
v -0.2942296943097359 -0.0357302976418911 -0.3028931109125984
vn 0.0000033130416557 -0.9999999997269344 0.0000231334146259
v -0.3554539075568402 -0.0357380938432216 -0.1360798235558352
vn -0.0261624334390847 -0.0990647536156364 0.9947370012559192
v -0.2940177630830828 -0.0198627636990281 0.7390985767136866
vn 0.0000111331683580 0.9999999992845306 -0.0000361523367775
v -0.3430712525321458 0.0345510499621001 -0.0885685219213931
vn 0.0000189381446200 -0.9999999963015239 0.0000838945693805
v -0.3364240390113593 -0.0357267138299091 -0.5767443516880598
vn -0.0280262856079101 0.4218319578716859 0.9062407663712575
v -0.3353218943922143 0.0275163277507363 0.7383892763503231
vn -0.0000049458969148 -0.9999999993793854 0.0000348821928265
v -0.3171603492939509 -0.0357230767951975 -0.0701036467781950
vn -0.0000134449002442 0.9999999984388891 0.0000542351950600
v -0.3184876947995541 0.0345495937374531 -0.3347449784281619
vn -0.0000071892244315 -0.9999999998976640 0.0000123687962401
v -0.3347703954179606 -0.0357257318401582 -0.4852883373740967
vn 0.0039364989676523 0.6864706845654200 -0.7271468236939230
v -0.3436267026821294 0.0311188779069510 -0.7380181269357963
vn 0.0000103927064790 -0.9999999999424672 0.0000026565623118
v -0.2740681899504884 -0.0357293696517114 -0.1446524054031742
vn -0.0000080102313594 0.9999999998263428 -0.0000168270731123
v -0.3322275918139572 0.0345486304943239 0.0283017671436562
vn -0.0000105658526524 0.9999999968496049 -0.0000786711687470
v -0.3214125487335618 0.0345533258559389 0.2286183762029154
vn -0.0000238171180341 0.9999999991887069 -0.0000324858612841
v -0.3540491013380386 0.0345534887998051 -0.4293176670079197
vn 0.0000853687464857 0.9999995972813349 -0.0008933920445178
v -0.3191888190647454 0.0345585904325905 0.5724235935684028
vn 0.0000247206730504 -0.9999999991585433 -0.0000327383804167
v -0.2941303506485490 -0.0357240179891733 -0.2329041085012943
vn -0.0000562856639898 0.9999999980860867 -0.0000256856136421
v -0.3138245186091763 0.0345520752725429 -0.4975487102062963
vn 0.0000149395122264 0.9999999998795629 0.0000042053792865
v -0.3111513047578673 0.0345451695886851 -0.1620981749215369
vn -0.0000327359707296 -0.9999999987532961 -0.0000377062839254
v -0.2697953348377667 -0.0357297483795332 -0.0250711544197865
vn 0.0000093171569238 -0.9999999998217278 0.0000164236106918
v -0.3068369416903873 -0.0357322911243896 -0.3527571413291113
vn -0.0000231655903047 0.9999999997304685 0.0000015551614357
v -0.3190700368846340 0.0345509343748929 0.2936651243090366
vn 0.0037606770453557 0.9994714496136683 -0.0322905360022591
v -0.3032813431025673 0.0347840892800587 -0.6647694238362365
vn 0.0014720218123641 -0.9999773137922957 0.0065730550376685
v -0.2648254082522313 -0.0357350248992674 0.6461556022463650
vn -0.0000717592189370 -0.9999999971974264 -0.0000213485775688
v -0.2834475981977592 -0.0357282727411637 0.4034551310852688
vn -0.0000111863025047 -0.9999999939939850 0.0001090270454108
v -0.3009310542884157 -0.0357255929378053 0.2816822400874042
vn 0.0129845632445485 -0.5980099187419785 -0.8013835150560314
v -0.2746099347985161 -0.0347606279508081 -0.7347356357617641
vn 0.0000094239842631 0.9999999997144554 0.0000219608214696
v -0.2686480246470877 0.0345603307454003 -0.4123303859816109
vn -0.0002285995738260 0.9999994329013335 0.0010401630863819
v -0.3284648075747379 0.0345462491096624 -0.5794379976926815
vn 0.0003374023777360 0.9999985607524581 0.0016627244654435
v -0.2641098018132174 0.0345588634254466 -0.6025142570710051
vn -0.0000206821026959 0.9999999989616336 -0.0000406076793751
v -0.2809527268924986 0.0345538908191685 0.5006855934657195
vn -0.0000284117819173 -0.9999999916555599 -0.0001260224217356
v -0.3104640035670292 -0.0357267083404345 0.5929508194225296
vn 0.0003065689947879 0.5622045337053390 -0.8269981670454982
v -0.2751236935123208 0.0289124463638242 -0.7390035291847628
vn -0.0000192339523876 0.9999999997612589 0.0000103700262268
v -0.3169225396679486 0.0345544972146623 0.1156269387968898
vn -0.0000164852881706 0.9999999998635729 -0.0000010437354340
v -0.2232037842285458 0.0345558605906384 0.4109835285443217
vn -0.0000268541955118 0.9999999981185000 -0.0000551529883965
v -0.2635936273203231 0.0345496409340695 0.2039309002873080
vn -0.0000262164963136 -0.9999999994195392 -0.0000217627419594
v -0.3248580873640909 -0.0357310538583275 0.1087753438422852
vn -0.0001522113458324 0.8480502953538960 0.5299157229049504
v -0.2650824439267191 0.0334366418001745 0.7346142419908398
vn -0.0000239994543280 0.9999999992513285 0.0000303540645718
v -0.3065791292033730 0.0345488734555243 -0.2526754985852639
vn -0.0000580735102274 0.9999999975993266 -0.0000377996597919
v -0.2525401238408998 0.0345443929808825 -0.1421280997373512
vn 0.0025326578037556 0.9999893187464175 0.0038662691997675
v -0.2898312506473459 0.0345658345953432 0.6165756338953406
vn 0.0013832135622463 -0.9999473208865164 -0.0101706524923139
v -0.2838343195022254 -0.0357362134217568 -0.6721811670671816
vn -0.0000180563791982 -0.9999999996615121 0.0000187334774458
v -0.1938768720938693 -0.0357237266723021 -0.2447122366393222
vn -0.0000301603847660 0.9999999993756241 -0.0000184147468710
v -0.2705816872032682 0.0345541259646007 0.3338729418885836
vn -0.0005076966008871 -0.9999968214269800 -0.0024696923084090
v -0.3089020580661369 -0.0357380873480622 -0.6372423250435962
vn -0.0000363879673511 -0.9999999941351735 -0.0001020076898086
v -0.2162615542309841 -0.0357230283507863 0.5764599650096446
vn -0.0000172844181513 -0.9999999998467752 0.0000027745799231
v -0.2688819304086670 -0.0357286580952223 -0.5194994812805961
vn -0.0000464796059121 -0.9999999989157520 -0.0000028534691422
v -0.2561906417672147 -0.0357296587667142 -0.0826155875719276
vn -0.0000196841134039 -0.9999999991139756 -0.0000372100060472
v -0.2748204108561630 -0.0357205427225765 0.5329768762352856
vn -0.0000117187213503 0.9999999998128214 0.0000153957395735
v -0.1951658268508030 0.0345589857165129 -0.3048001371021907
vn 0.0000132637684929 -0.9999999994815298 0.0000293430205603
v -0.2544190534414371 -0.0357286146828126 -0.3555048682310220
vn -0.0018462407884041 0.9999978052626108 0.0009903862441971
v -0.2524525422961127 0.0345647869226772 0.5965811456596701
vn -0.0000218901718903 0.9999999997027980 -0.0000107342742176
v -0.2721681499898806 0.0345523624972318 0.0803730170407237
vn -0.0000564028954382 0.9999999983987969 0.0000045955922664
v -0.2542393359690043 0.0345537745394434 0.0230017119266830
vn 0.0087322850849961 0.9988962108669280 0.0461530834602404
v -0.2084051800352269 0.0350014333326114 0.7024345533586460
vn 0.0000168629987834 -0.9999999875259322 0.0001570470461077
v -0.2123246260458513 -0.0357362219752783 0.2332689705613406
vn 0.0000260942435976 -0.9999999990399396 -0.0000352024320081
v -0.1685291222664151 -0.0357344502064297 0.1376726335107787
vn 0.0000220067720870 -0.9999999989657546 -0.0000398019175812
v -0.2516185232791934 -0.0357215859893937 0.3363897453308379
vn 0.0000196641134645 0.9999999997458543 -0.0000110278774230
v -0.1795012043524314 0.0345513693174746 -0.4298164585309361
vn 0.0000343661085260 -0.9999999974109391 0.0000632225591225
v -0.2130064659068889 -0.0357315021881818 -0.6053735163347379
vn 0.0003239986654300 0.9999987924496575 0.0015199092379819
v -0.1892331009249615 0.0345653489337882 -0.6237066310194428
vn -0.0000114448108029 -0.9999999912534823 0.0001317651383359
v -0.2090949210675180 -0.0357230421244725 0.2800580436867572
vn -0.0000096453669842 0.9999999999184496 0.0000083706531588
v -0.2133387214669695 0.0345563777752930 -0.5071703937639864
vn -0.0000676218385507 -0.9999999969402674 -0.0000393287708285
v -0.1948660952099953 -0.0357222987824025 0.3365778027779017
vn -0.0007698924871964 -0.9999991761698661 0.0010270954908620
v -0.1639768559961375 -0.0357268783362683 -0.5873939838635084
vn -0.0000128101587259 -0.9999999997511059 -0.0000182671283202
v -0.1742363341291138 -0.0357307783884868 -0.1515006589244345
vn -0.0000070017113503 0.9999999999656309 -0.0000044400594524
v -0.2112618475989049 0.0345563570251483 -0.3901683571421493
vn -0.0032674294565745 -0.9999817643293021 0.0050788693232348
v -0.1956693440470924 -0.0357405240787717 0.6521109741822533
vn -0.0000004247232390 -0.9999999999186768 -0.0000127462103117
v -0.1856993391785096 -0.0357286629793362 -0.0607884239162860
vn 0.0000273900575738 -0.9999999995354336 0.0000133760023420
v -0.2189675936582113 -0.0357407088233571 0.1989523030799084
vn -0.0000076944072753 -0.9999999996245416 0.0000263004322958
v -0.2179658184935463 -0.0357307970843075 -0.3876957384720975
vn -0.0000510577095986 -0.9999999954573343 0.0000804887664403
v -0.2169073310535371 -0.0357205030822151 0.4741318851675793
vn -0.0000039152040403 -0.9999999970167773 -0.0000771434797142
v -0.2185407725139030 -0.0357277031646284 -0.2121066762455886
vn -0.0088749401316601 0.9995264583568574 -0.0294634431500605
v -0.2018111036808438 0.0348317395138793 -0.6953126007372724
vn -0.0000045079715596 -0.9999999999862584 -0.0000026760468225
v -0.2160001448251463 -0.0357340310376137 -0.4396053915362491
vn -0.0000191735976775 0.9999999995310478 -0.0000238804891395
v -0.1480165681802886 0.0345622237126432 -0.0768447965213784
vn -0.0000151057597744 -0.9999999992574855 -0.0000354520102862
v -0.2150411201660728 -0.0357316912232954 0.0227614867279485
vn 0.0000062908132469 -0.9999999999788843 -0.0000016301304646
v -0.1573919979069088 -0.0357285931905988 -0.4957446736052444
vn 0.0019216964790805 0.6667936025328015 0.7452399604851920
v -0.1618987646983037 0.0292462058841820 0.7379383455463872
vn -0.0028474070761997 -0.9998924637506856 -0.0143858683271500
v -0.1536485426402122 -0.0357315433672324 -0.6624073783472344
vn -0.0040312364073131 -0.7274230228053215 0.6861774515573920
v -0.2119260081459906 -0.0339236582350409 0.7363982128161318
vn -0.0000448176612760 -0.9999999986705452 0.0000255007254208
v -0.1913286753499708 -0.0357326592403784 0.4272506098371856
vn 0.0000365510960166 0.9999999993314871 -0.0000010214023114
v -0.1616425265107540 0.0345546724746280 0.4185671804302921
vn -0.0000152276242381 -0.9999999997317074 -0.0000174557976728
v -0.2028624103268455 -0.0357352573206961 0.0855361097827848
vn 0.0000151869943236 0.9999999998824194 -0.0000021251690400
v -0.1763149621397524 0.0345584123990421 0.3118869397485666
vn 0.0000165926150340 -0.9999999987874527 0.0000463657200343
v -0.1023959690643724 -0.0357314635400919 0.2625089450185770
vn 0.0000208510292077 0.9999999991483592 -0.0000356162305644
v -0.1657293542149484 0.0345586428947616 -0.3507940521813340
vn 0.0068804817839108 -0.5287874123242184 0.8487264173677393
v -0.1457250048134406 -0.0321896930141201 0.7372741517884255
vn 0.0000143979209202 -0.9999999998941842 -0.0000020812354667
v -0.1199717683603021 -0.0357301007089187 -0.2733548068174796
vn -0.0000802588607593 0.9999999953883545 -0.0000527428327488
v -0.2048035840551672 0.0345529977065081 -0.1141828764261866
vn -0.0000053050780296 -0.9999999997222275 0.0000229652106533
v -0.1752122593584282 -0.0357338177536990 -0.3103798141694379
vn -0.0000416712490091 0.9999999984872299 0.0000359033065706
v -0.2015692878394309 0.0345546781137051 -0.2171667778561585
vn 0.0000346739298288 -0.9999999993713373 -0.0000074191530276
v -0.1644739260087086 -0.0357308304768841 -0.4000354421434829
vn 0.0046849857620223 -0.9987306440692806 0.0501512861786143
v -0.1459972285379788 -0.0358659612073722 0.7039578306287785
vn -0.0000579639967350 -0.9999999966858544 -0.0000571705010894
v -0.1637282399802402 -0.0357257784682100 0.5770239792558469
vn 0.0005498931521571 -0.6106304788373205 -0.7919154727194221
v -0.1872487097738999 -0.0337682901097251 -0.7362805901492598
vn -0.0001163601008870 0.8109674357520972 -0.5850912788702247
v -0.1864369765288998 0.0329844032302454 -0.7373473349854326
vn -0.0000059403570864 0.9999999988720695 -0.0000471229580395
v -0.1826630785840272 0.0345560795490091 0.2446159727574652
vn 0.0000165525898390 0.9999999998576757 -0.0000032650145722
v -0.1656625938374345 0.0345531231738253 0.1982124808490715
vn 0.0000259835923584 -0.9999999995955919 -0.0000115615357614
v -0.1521764566118940 -0.0357338889959007 0.0459735372653409
vn 0.0007423772233626 0.9998665499662152 -0.0163196548589862
v -0.0733821727193336 0.0345690604844082 -0.6457051162490967
vn 0.0000120369503362 0.9999999973030084 -0.0000724506401883
v -0.1775443791300222 0.0345631584286960 0.5889964562021182
vn 0.0000196652944456 0.9999999989184524 -0.0000421470223671
v -0.1841660705086494 0.0345578917714024 0.4907090573591020
vn -0.0000371496058946 0.9999999983453675 0.0000439223400049
v -0.1553145258087002 0.0345578365969233 -0.0177041628894006
vn -0.0000323901940625 -0.9999999989116078 0.0000335806449088
v -0.1297633551568491 -0.0357294954052265 0.4836996259387145
vn 0.0005362032717226 0.9999929162042931 -0.0037255908639086
v -0.1888858728027661 0.0345668908703627 0.6477693269670131
vn -0.0000174830551806 -0.9999999998423651 0.0000031004336146
v -0.1147508557544570 -0.0357311374841262 -0.2119641207862545
vn -0.0000369981563137 -0.9999999987861411 -0.0000325400421480
v -0.1248875776724463 -0.0357303164349470 0.3309883227825708
vn 0.0000013244620481 -0.9999999999683018 0.0000078512602483
v -0.1015198465746354 -0.0357319385153499 0.5628701602249063
vn 0.0000022413048670 0.9999999984320885 0.0000559535489314
v -0.1375917039625721 0.0345564321163833 0.0932378428770166
vn 0.0000556614457994 -0.9999999983557065 -0.0000137982015316
v -0.0949919145566005 -0.0357286513291089 0.2101067881501524
vn -0.0006305717459965 0.9999983977641584 -0.0016753651510151
v -0.1019870425534027 0.0345610821442523 0.6095896729019543
vn 0.0011986779653715 -0.9999957645664893 0.0026521727353068
v -0.0801770366665990 -0.0357339350562389 -0.5958468098442208
vn 0.0000119347472362 -0.9999999998810283 0.0000097726815534
v -0.1030831465283797 -0.0357275742265977 -0.4177519359989694
vn 0.0017502845566253 0.9994114672467591 0.0342586578787184
v -0.0897409415675723 0.0348700678494353 0.6782686906916453
vn 0.0000354093139161 0.9999999989045197 0.0000306127618352
v -0.1448719109976753 0.0345558929580134 -0.2573801991192683
vn 0.0000106330441076 0.9999999999413181 0.0000020741964424
v -0.0977615528171439 0.0345544680263793 -0.4172946462853784
vn -0.0105726263715774 0.5776945565668040 -0.8161845495258353
v -0.0732088348269826 0.0308079189125672 -0.7385149328000216
vn 0.0000441381654819 0.9999999965940853 -0.0000697398862473
v -0.1067353241214385 0.0345632768139201 0.5655079123730030
vn -0.0028589158420222 0.6892914604984655 0.7244785083659148
v -0.0692769263068725 0.0310824657870550 0.7370948203560619
vn -0.0000075777430161 -0.9999999996680117 0.0000246283277277
v -0.1017706717622982 -0.0357284442798959 -0.0764225988455104
vn 0.0054846878622287 -0.8204354671552689 -0.5717128321393262
v -0.0863491972140807 -0.0340259383704721 -0.7362477023969504
vn 0.0000852968122239 -0.9999999963121530 -0.0000100073994504
v -0.0948381548740945 -0.0357296235605139 0.1533542420354323
vn 0.0000150146427911 0.9999999966407361 -0.0000805797001434
v -0.0732808799886816 0.0345510881223667 0.5062440092266410
vn 0.0001395214219319 0.9999994600841314 -0.0010297403644708
v -0.0547553370500037 0.0345577844635509 0.5917836921395966
vn 0.0000513491427085 0.9999999986815167 0.0000004818020447
v -0.0759835216289875 0.0345500028877848 0.2570620794055018
vn 0.0000162106656180 0.9999999984783960 -0.0000527297106892
v -0.0404037267977501 0.0345527556775909 -0.1300278236199119
vn 0.0000127714161342 -0.9999999992750762 -0.0000358711377297
v -0.0696119337022377 -0.0357299030960270 0.3423680558145112
vn -0.0000024904056624 0.9999999999886393 0.0000040643776683
v -0.1327755640517787 0.0345588085866971 -0.5000838454648893
vn 0.0000269891801034 0.9999999994483068 0.0000193641598800
v -0.0843264024570179 0.0345481820974275 0.1657426826463404
vn -0.0016574817352022 -0.9999962128800913 -0.0021970388646194
v -0.0971159190115211 -0.0357387173161164 0.6500111447323353
vn 0.0000055861729060 0.9999999992109694 -0.0000393300876592
v -0.1139925198090409 0.0345563435155569 -0.1503754782827873
vn 0.0000261954817457 0.9999999996472513 -0.0000043925101641
v -0.0933096889731840 0.0345528101186977 -0.2203608624320855
vn 0.0008073343860530 -0.9997297950945564 0.0232311216127296
v -0.0401746223257459 -0.0359954680350595 0.6718972546439179
vn 0.0000191261104886 -0.9999999997854078 0.0000079609345835
v -0.0650396876992960 -0.0357303861505357 0.0254963060558610
vn -0.0000014594022407 0.9999999996277787 0.0000272454155454
v -0.0736258307411059 0.0345600693977672 0.0296555898310822
vn 0.0000479849322006 -0.9999999976966355 -0.0000480018281655
v -0.0341352942616483 -0.0357248261021087 0.5353690576438022
vn -0.0000006716344187 0.9999999965603683 0.0000829386062054
v -0.0493301755198282 0.0345497971467457 0.1208377264702382
vn 0.0000225120184491 0.9999999945166717 0.0001022734850738
v -0.0334213907494619 0.0345569082733373 0.0806306430647910
vn 0.0000121013019366 -0.9999999997214666 -0.0000202638859670
v -0.0691430840143508 -0.0357322721393045 -0.1514804655447874
vn 0.0000394860923153 0.9999999991544520 0.0000114867070810
v -0.0804166480307924 0.0345528426285084 -0.3156514527370725
vn 0.0000016507576774 0.9999999966698343 -0.0000815941556660
v -0.0441053489195906 0.0345532406055541 0.3268489620195524
vn 0.0000925583898214 -0.9999999954178989 -0.0000244365875561
v -0.0253188498286711 -0.0357288142499722 -0.1405187076659348
vn -0.0031108750125309 -0.9986378596393108 -0.0520840450778570
v -0.0520898401728890 -0.0363507702249348 -0.6762115580273098
vn 0.0000879404287039 -0.9999999952871660 -0.0000411357403763
v -0.0214477870161480 -0.0357305633275874 -0.1970761627467336
vn 0.0000137341495036 0.9999999996090850 -0.0000243557600931
v -0.0510213253428529 0.0345583053238324 -0.0636180867942145
vn 0.0006036222826564 -0.9999996785558530 -0.0005277578333142
v 0.0490298129210540 -0.0357295938673086 0.6245098591992271
vn -0.0000028212504120 -0.9999999999508817 -0.0000095014212810
v -0.0727060746637246 -0.0357314272851193 -0.4918474985248176
vn -0.0003790828351101 -0.9999996845148009 -0.0006980447712542
v -0.0779271087055994 -0.0357303555717313 0.5932013192628602
vn -0.0000000121181579 -0.9999999991467117 0.0000413107306576
v 0.0130687247674244 -0.0357304644072504 -0.3434903940528165
vn -0.0000127199120263 -0.9999999998654654 -0.0000103572746286
v -0.0718100524189910 -0.0357249293482996 0.0961263037142349
vn -0.0057031328825201 -0.5141394428890460 -0.8576876515031948
v 0.0110460392224885 -0.0276325385252954 -0.7393266495663123
vn 0.0000314084841097 0.9999999968224957 0.0000732701553899
v -0.0833877881204379 0.0345509834047714 -0.5794761326822524
vn 0.0000407281769182 -0.9999999991646480 0.0000034524821825
v -0.0375821795206754 -0.0357350975607243 0.4075910668750545
vn 0.0000217631283273 -0.9999999996984903 -0.0000113747850633
v -0.0453552515933634 -0.0357234800734803 -0.2608524768406298
vn -0.0000525467801345 0.9999999985065106 0.0000150271271656
v 0.0455377828985290 0.0345548410050854 0.4517377434243598
vn -0.0000455475906937 0.9999999988710389 0.0000135402856486
v -0.0152280201801652 0.0345564105433141 0.3903722665598611
vn -0.0000305487328225 -0.9999999994822466 -0.0000101134466162
v -0.0243645338248787 -0.0357412485670488 0.2252521944316365
vn -0.0000056942414116 0.9999999997787440 -0.0000202506257829
v -0.0199841516189884 0.0345535465998003 -0.5681741052214457
vn -0.0000059881913975 0.9999999999322174 0.0000099853074570
v -0.0724427991030910 0.0345499867821009 0.4366486266942686
vn 0.0000452657052097 -0.9999999968801664 0.0000647354882785
v 0.0297228175733629 -0.0357279890516742 0.4414034282606286
vn -0.0000537857324646 -0.9999999980707054 -0.0000310754597854
v -0.0275035364656224 -0.0357306482370423 0.0778677750389777
vn 0.0000470984303442 -0.9999999969809684 0.0000618045399479
v -0.0244631043832557 -0.0357246996077226 -0.5777628942010429
vn -0.0000313060221495 0.9999999982261959 -0.0000506709121544
v 0.0191824106174047 0.0345573511166469 0.5665650967249261
vn 0.0062947548925265 -0.6731811434541429 0.7394508260585119
v -0.0501434649039765 -0.0315280797721487 0.7374246287231394
vn -0.0000185658148021 -0.9999999951596616 0.0000966229133338
v 0.0242229422919872 -0.0357274224881891 -0.2860911912473234
vn -0.0094695824519257 0.9993162700049965 -0.0357396070415863
v -0.0228521542480644 0.0345772569721386 -0.6844377046201954
vn 0.0000291093597285 0.9999999990581870 0.0000321911651154
v -0.0317286212466311 0.0345553009722415 -0.4865270369808127
vn 0.0000744722820616 0.9999999972073341 0.0000062618676281
v -0.0410799872835464 0.0345528074935567 -0.4531544830511641
vn -0.0010786149767306 -0.7840026795321031 0.6207565022423963
v 0.0700487920669480 -0.0333803789092454 0.7369602064379319
vn -0.0000092552449579 -0.9999999996156266 0.0000261359361632
v 0.0330969817825856 -0.0357314127566484 -0.3982938098962078
vn 0.0000554026810752 -0.9999999945560738 0.0000884216907730
v -0.0408623001547384 -0.0357290463722299 0.4806948488585259
vn 0.0000152488578384 -0.9999999986731941 0.0000492045135014
v -0.0348132277570542 -0.0357329513154236 -0.0853616231687854
vn -0.0000951143593057 -0.9999999954766116 -0.0000001888524607
v 0.0568858733513651 -0.0357336093366229 -0.4959066445528080
vn -0.0000933352698241 0.9999999936770019 0.0000627257807443
v 0.0345473971054682 0.0345513954326162 0.2330794090312660
vn -0.0000240811674387 0.9999999997064826 -0.0000026706466155
v 0.0168000291997374 0.0345507240070825 -0.2096195175206826
vn -0.0000605679317629 0.9999999980352579 0.0000161558035330
v 0.0330362684519908 0.0345543085643842 -0.2645294374870349
vn 0.0000617724524413 -0.9999999980909925 0.0000014761780353
v 0.0337628290279982 -0.0357198258282899 -0.2252313465756904
vn -0.0000654944435743 0.9999999889935453 -0.0001331292122106
v 0.0407719987189387 0.0345563319407371 0.3345378226972733
vn -0.0000247444543985 -0.9999999917510030 0.0001260385107734
v 0.0156838794828888 -0.0357303424487359 -0.6195056416848448
vn -0.0033437453478410 0.5546452859566033 0.8320801801107670
v 0.0244947714098276 0.0330181225683607 0.7358413390553774
vn 0.0002170697528635 0.9999999713630008 -0.0001007706303008
v 0.0232248374653052 0.0345438268951809 -0.4220526310414320
vn 0.0001919669798990 0.9999999772498173 -0.0000930002343061
v 0.0202442295569441 0.0345532551777012 -0.3981660985050874
vn 0.0000066649795357 0.9999999999705517 -0.0000038045303745
v -0.0221321223605420 0.0345510151589986 -0.3061539371027905
vn 0.0027109709207360 -0.9998430431918643 0.0175082728302512
v 0.0389713752453501 -0.0357378464464651 0.6727552380303938
vn 0.0000175534449830 0.9999999981744362 -0.0000578187196938
v 0.0533467087231002 0.0345453234912987 -0.3528747196062972
vn -0.0001172815808374 -0.9999999929693985 0.0000174995395264
v 0.0315632422608175 -0.0357265791941559 -0.5826579576337790
vn 0.0000206274717128 0.9999999996455202 0.0000168364802324
v 0.0274579602058959 0.0345575841893686 0.0236133493916241
vn 0.0000550037133981 -0.9999999949961472 -0.0000835601405734
v 0.0184804941037245 -0.0357332889884047 0.5833316349740109
vn -0.0000113008640463 -0.9999999997039729 0.0000215486523195
v 0.0351831441338754 -0.0357334233693924 -0.4514069761453674
vn 0.0087766504587662 0.6744709997843115 0.7382491726081891
v 0.0729456205367232 0.0324038544567789 0.7368777010384842
vn -0.0017724410909576 0.9997854311433774 0.0206385592043123
v 0.0333485123684679 0.0345665250625993 0.6708702139283699
vn -0.0000216214579770 -0.9999999997211148 0.0000095017305751
v 0.0248482823525345 -0.0357234009292830 -0.0321537230203775
vn -0.0000681721691339 0.9999999976611698 0.0000054968966147
v 0.0551943586270652 0.0345544530644941 -0.2208337937237124
vn -0.0001047765689735 0.9999999928301212 -0.0000579795495521
v 0.0315454889463745 0.0345386270571668 0.2842557427739918
vn -0.0000449900788114 0.9999999984012746 0.0000342541022997
v 0.0682487040955486 0.0345517859968526 -0.4636324106256017
vn 0.0000391150454231 -0.9999999982052425 0.0000453820249516
v 0.0391476589268289 -0.0357281063526088 0.3229407692951917
vn -0.0000607593523472 0.9999997408830352 -0.0007173159438621
v 0.0438424344911144 0.0345590730248369 0.5871888045221562
vn -0.0000035092479896 -0.9999999993123987 -0.0000369173091905
v 0.0965014703297747 -0.0357275335033747 -0.0898011307342171
vn -0.0083803664662834 -0.9997137091278139 -0.0224113640771710
v 0.0306171135891051 -0.0357351203571442 -0.6764983719228265
vn -0.0001654899557673 0.9999997234159606 0.0007251076312223
v 0.0311302389790309 0.0345550023706518 -0.6522253048424620
vn -0.0000597600420051 0.9999999982105328 0.0000027698221479
v 0.0663489307033734 0.0345544735528744 0.1428808584965721
vn -0.0000538377536756 0.9999999985217146 0.0000076201721155
v 0.0821917776246302 0.0345572154082848 -0.0209114913781289
vn -0.0000568905159573 -0.9999999980211056 0.0000268562495514
v 0.0958707494591228 -0.0357342223972275 -0.4216432119306933
vn -0.0000281380378818 0.9999999979326084 0.0000578189752532
v 0.0492183159278492 0.0345557395013189 -0.6006149806278256
vn -0.0003459020074548 0.9999986378053424 0.0016139204630178
v 0.0918508048424028 0.0345630789706149 -0.6433924515411155
vn 0.0000281208543659 -0.9999999994189880 0.0000192676310309
v 0.0494135359445204 -0.0357318865271689 0.1430293695348080
vn -0.0000608992156838 -0.9999999981422795 0.0000025935785627
v 0.0902140006641406 -0.0357321009136493 0.1645256009812788
vn 0.0000070136840372 -0.9999999994684167 0.0000318429715535
v 0.0576352694183493 -0.0357274173271353 0.2547723484712398
vn -0.0001418367629462 0.9999999895291168 -0.0000287071242993
v 0.0889638651898426 0.0345594627731159 0.3059293202008272
vn -0.0000283621870887 -0.9999999993509056 -0.0000222210497604
v 0.0759834761662335 -0.0357378000459054 0.0448733378034381
vn 0.0016750177251567 0.6847376341318855 -0.7287877377666894
v 0.0429016691571849 0.0313023114127761 -0.7381725356493880
vn 0.0000017623266187 -0.9999999999676903 -0.0000078430568593
v 0.0613804059926431 -0.0357159332161317 0.5105704732267069
vn 0.0000173664892190 0.9999999998023120 0.0000096840542987
v 0.1290637494067422 0.0345587519238227 0.2348116044072115
vn -0.0025177896782704 -0.9999715428295692 0.0071115586327433
v 0.1515406465840764 -0.0357396336599423 0.6571115286709802
vn -0.0201327681496194 -0.7198929926405319 -0.6937930172563666
v 0.0597579032348104 -0.0320788812826764 -0.7381189344058877
vn -0.0001297846732816 -0.9999999915741408 0.0000027671459753
v 0.0851393891670223 -0.0357207864327824 0.3562523681436813
vn 0.0000183413145757 -0.9999999997334538 0.0000140245712590
v 0.1245131515163468 -0.0357321490746745 0.0876647461294853
vn -0.0000377695656849 0.9999999979524832 0.0000516574638159
v 0.0675494485889202 0.0345555958648103 0.0631929272750426
vn 0.0000012972824087 0.9999999998920480 -0.0000146362871051
v 0.1402742602427930 0.0345569023242917 0.5082747431543464
vn -0.0000168441982054 0.9999999988597382 -0.0000446855309888
v 0.1032102419080832 0.0345600774099510 0.5811163579163778
vn -0.0001097611462125 -0.9999999931135205 -0.0000415385335948
v 0.1141593951547063 -0.0357248917374400 0.5229536541162773
vn -0.0127242722592941 -0.9869447558873290 -0.1605557277769065
v 0.1030941917941620 -0.0357955526000098 -0.7279949083665025
vn -0.0001161186943792 -0.9999999893433476 -0.0000884858953771
v 0.1060430340893194 -0.0357325275600462 0.6091092581859479
vn -0.0000877598937766 0.9999999957550507 -0.0000280731080129
v 0.0790790061493546 0.0345557283937559 -0.2840635330962574
vn 0.0000061311679063 0.9999999998600738 0.0000155647315081
v 0.1285785737659392 0.0345648564512057 0.0331671559505821
vn -0.0002718421558234 -0.9999999630506452 -0.0000007420197654
v 0.1124235599063638 -0.0357376019117334 0.4016036821814731
vn -0.0000351309761837 -0.9999999991471035 0.0000217165285236
v 0.1213281458802660 -0.0357362372788307 0.2202791795613662
vn -0.0000215088685852 -0.9999999966767678 0.0000786373513494
v 0.1235459878128518 -0.0357372711338568 -0.3129779176669049
vn -0.0000626843169194 -0.9999999980249444 0.0000045593240486
v 0.1058220956537856 -0.0357448197936371 -0.5148007885521300
vn -0.0042370217327012 -0.4243175253527098 -0.9055035534581790
v 0.1553913161000033 -0.0313243747006028 -0.7388019366581379
vn 0.0000111319482658 0.9999999999256088 0.0000049861900322
v 0.1459463081875887 0.0345600660021525 -0.2535102649878079
vn -0.0042776155087865 0.9995475026058216 -0.0297740161890225
v 0.0729109134504240 0.0346798626586309 -0.6976831900345380
vn -0.0000477534421290 0.9999999988563658 0.0000026224393204
v 0.1038950592461483 0.0345639636109940 0.4010101109929095
vn -0.0001332196307036 -0.9999999865097086 0.0000960890870459
v 0.1027029988860270 -0.0357284924611889 0.4560352945983551
vn -0.0000141926378369 0.9999999998972255 -0.0000020293264802
v 0.1129775614643923 0.0345491464889881 -0.5335520053398902
vn -0.0000227653355611 0.9999999990030011 -0.0000384153266259
v 0.1275570197267965 0.0345646154040488 -0.4299996260191751
vn -0.0000244514566997 -0.9999999978942561 0.0000601133435929
v 0.1096431329123499 -0.0357197379201234 -0.2287470049067739
vn 0.0000212579901001 0.9999999988843774 0.0000421822592776
v 0.1662529484590773 0.0345629935438311 0.4459164201107848
vn -0.0000035842236750 0.9999999999916445 -0.0000019658523965
v 0.1359002024748248 0.0345598182128191 0.1637865031503945
vn -0.0000185329002271 -0.9999999997151201 0.0000150429792715
v 0.1343562521177594 -0.0357300426988105 0.2908287025326182
vn 0.0000413049776393 -0.9999999950232126 -0.0000908156028130
v 0.1549479906481790 -0.0357381964321562 0.5928316481318401
vn -0.0001363251379662 -0.9999999678103797 0.0002139969542151
v 0.0707270976224261 -0.0357394921034853 -0.6415539549853702
vn 0.0024227289714865 0.6897528744815878 -0.7240408155129915
v 0.1460427105904636 0.0329248984288697 -0.7371754414019827
vn 0.0000132793226632 -0.9999999955157040 0.0000937670070364
v 0.1412567999331619 -0.0357319422231685 -0.5834838143913608
vn -0.0047623768116396 -0.6867155382609303 0.7269106473825409
v 0.1484000808745642 -0.0347067047825635 0.7341624131435479
vn -0.0000069576153313 -0.9999999999706126 0.0000032197022730
v 0.1658575946436037 -0.0357383530908087 -0.3908908004952712
vn 0.0000114674309010 -0.9999999728871828 0.0002325814516836
v 0.1568453133281944 -0.0357454330617850 -0.6261188010761800
vn 0.0001041565545792 -0.9999999919037726 -0.0000731017562621
v 0.1634403205081250 -0.0357331485970763 -0.0240905421901551
vn 0.0000575288996690 -0.9999999982951351 -0.0000100077815650
v 0.1905546836647233 -0.0357296205983754 0.1198513633405520
vn 0.0069943134820849 0.9983733157109443 0.0565844683216975
v 0.1651894708234971 0.0348816884034994 0.6978168823076913
vn 0.0000141274738767 0.9999999998560458 -0.0000093980356873
v 0.1730549632498700 0.0345488116952462 -0.5158101976577969
vn 0.0029068284559655 -0.6509470661920272 -0.7591175583296172
v 0.2240245421014894 -0.0345594609695492 -0.7363061216427694
vn 0.0000533774506201 0.9999999967000046 -0.0000612440897500
v 0.1596144492740202 0.0345596870742757 0.3231448732039904
vn 0.0000394848211805 -0.9999999944349237 0.0000978320057830
v 0.2078042715283320 -0.0357363182796712 -0.5757773534713043
vn 0.0000383539547504 -0.9999999968384579 -0.0000696567188627
v 0.1981551904739765 -0.0357260843961590 0.3422233963221330
vn -0.0000122974431273 0.9999999992223152 -0.0000374718889572
v 0.1180031395736076 0.0345607453738001 -0.1061927962179922
vn 0.0000450596262882 -0.9999999985204306 0.0000304757087957
v 0.1744540797857311 -0.0357374988571005 0.4161963706905578
vn 0.0000495521830122 -0.9999999987107938 -0.0000110902524757
v 0.1758914841227050 -0.0357371177381577 0.2049764026648228
vn 0.0000510254936420 0.9999999962580634 -0.0000698589457477
v 0.2024706916954510 0.0345481249838149 -0.3407026167193118
vn -0.0001260200862269 -0.9999988210090414 -0.0015303919319834
v 0.2132622941127539 -0.0357394741958182 0.6376496483693126
vn 0.0004267853489816 0.9999986731052221 -0.0015721456870764
v 0.1831695888896893 0.0345635936355941 0.6418174686557134
vn 0.0023807331048407 -0.9999575436812618 -0.0089018506402315
v 0.1987549735724824 -0.0357583984715068 -0.6688075148840890
vn 0.0000059539354840 0.9999999954503422 0.0000952043383136
v 0.2036397208149683 0.0345547876881064 0.2125242286591237
vn 0.0001067660768629 -0.9999999829686451 -0.0001505447249436
v 0.2126040683115109 -0.0357241458484443 0.5852764388175150
vn -0.0000909485062743 -0.9999999179449020 0.0003947639277938
v 0.2077986976960947 -0.0357343201516879 -0.6189209002218586
vn -0.0000012961060056 -0.9999999997135527 0.0000239000970390
v 0.1830117219700946 -0.0357338009307534 -0.1188792867388351
vn 0.0000235866748281 -0.9999999987678012 0.0000436814194053
v 0.1935963009366845 -0.0357252078342877 0.4737986398550852
vn 0.0000189859319059 0.9999999997917370 0.0000074873371609
v 0.1512084730734775 0.0345590367053064 0.1226477949770273
vn 0.0086621952475425 0.9993772024023280 -0.0342078016246255
v 0.1975945559222998 0.0347871549948197 -0.6847914392422108
vn 0.0002348105341076 -0.9999999370997874 0.0002658278283952
v 0.2018474528278664 -0.0357296196593637 -0.2787124289409650
vn 0.0000908291131494 -0.9999999943506878 -0.0000552150026954
v 0.2122098525203811 -0.0357258876701826 0.0091465450482616
vn -0.0000058686554106 0.9999999933248643 0.0001153942385958
v 0.1624818094036292 0.0345576953929633 -0.5871200372340658
vn 0.0252333600441001 0.6603573526459543 -0.7505274441000218
v 0.2125030888374243 0.0296852755096806 -0.7389810222245339
vn 0.0000285619329313 0.9999999984354605 -0.0000480967232113
v 0.2064160110748665 0.0345488093311123 -0.1440377617675201
vn 0.0000794450525556 -0.9999999772648180 0.0001978859444309
v 0.2159432945099133 -0.0357302938712502 -0.0821696874183909
vn 0.0000086784286117 -0.9999999992736032 0.0000371143992850
v 0.2883009218329531 -0.0357282488521630 -0.5185239365122692
vn 0.0000820146579575 -0.9999999966099602 -0.0000073263594774
v 0.1929859718345659 -0.0357383392693314 -0.4498110223422745
vn 0.0000887766091101 -0.9999999960534811 -0.0000034280325005
v 0.2197078101708033 -0.0357220254046336 0.5312227462134729
vn 0.0000521449491970 0.9999999981696175 0.0000306866313544
v 0.1743058460128147 0.0345553799830886 0.0637897570593319
vn 0.0000454105880700 -0.9999999972323496 0.0000589336862804
v 0.1990637392726451 -0.0357237324224107 -0.0561531011895017
vn 0.0002388062517942 0.5352667135138121 0.8446830697816173
v 0.1923887226393101 0.0278161608442867 0.7383090848695063
vn 0.0170986525504797 -0.6043197156138065 0.7965584205828258
v 0.2102597864541856 -0.0319296541298180 0.7374256168300433
vn 0.0000367514146726 -0.9999999984523816 0.0000417680512181
v 0.2077465747849551 -0.0357257885683148 0.3029147203960916
vn 0.0000865222664312 -0.9999999951992938 -0.0000459924958266
v 0.2062727651187806 -0.0357324293528433 0.0426699031616211
vn 0.0000003011515634 0.9999999978309513 -0.0000658635456565
v 0.1986903992744191 0.0345546872050723 0.5777104205559979
vn -0.0002302735462067 0.9999999436090505 -0.0002444503823576
v 0.2219823708937166 0.0345537441390998 0.5470159328262063
vn 0.0000386339967956 0.9999999992432419 0.0000045749976533
v 0.2027872789844498 0.0345531213102293 -0.4303106160634387
vn 0.0000834350734289 -0.9999999956648329 0.0000413391212669
v 0.2020629028393597 -0.0357338976696366 0.2279142161221238
vn 0.0000683481132996 0.9999999976371893 -0.0000073591418848
v 0.2162024562327642 0.0345603592295754 0.3924604459569311
vn 0.0000343299804922 0.9999999984361866 -0.0000441483779490
v 0.2103775542195510 0.0345625658519313 -0.2802373823145252
vn 0.0000812785098380 0.9999999951579865 -0.0000554782004548
v 0.2666525926406833 0.0345553262727136 0.3383291347939529
vn 0.0000571855750933 0.9999999982676606 0.0000139459261945
v 0.1836608462056143 0.0345585657626612 -0.0379260267264815
vn 0.0000477230492025 0.9999999988538290 -0.0000038539031159
v 0.2123446763533040 0.0345450019996600 0.2636259938264690
vn 0.0000688855656690 0.9999999976055450 0.0000066097441557
v 0.3047417657064702 0.0345492243613744 -0.2483355181098828
vn 0.0000064714795466 0.9999999981423259 0.0000606091427871
v 0.2511417112661323 0.0345587096028925 0.0905846984324268
vn 0.0000101115821571 0.9999999997604017 -0.0000194152696795
v 0.2551519500753958 0.0345539027720372 -0.4903487130139342
vn 0.0140408319756994 0.9961014551431747 -0.0870904478061753
v 0.2599473883778910 0.0346379545375515 -0.6853745826089909
vn -0.0000104885633449 0.9999999995214931 -0.0000291033322491
v 0.2637029725704053 0.0345548439883117 0.5690439965117099
vn 0.0000340844599954 0.9999999959098577 0.0000837766930334
v 0.2741550489643478 0.0345537499093054 -0.5754594221450303
vn -0.0009030848336341 -0.4627334578882453 0.8864970002140846
v 0.2721114914543161 -0.0255094436554167 0.7385231952571653
vn 0.0004022259414221 -0.9999998969233076 0.0002106363367817
v 0.2545486239211583 -0.0357338116430128 -0.3403976752689749
vn 0.0000724077721464 -0.9999999970875487 0.0000241250299420
v 0.2532339966075998 -0.0357271412966800 0.2478993823449689
vn 0.0000344198922721 0.9999999993959637 -0.0000048315102732
v 0.2597328563918422 0.0345562486584150 0.0302452494490379
vn -0.0189270356999371 0.6176759544903901 -0.7862049240268079
v 0.3003074930447763 0.0238580408152883 -0.7395470534761324
vn 0.0002035407278394 -0.9999999683723761 0.0001477376683262
v 0.2753339218207467 -0.0357213996753589 -0.3881762696443992
vn -0.0000049104171389 0.9999999997008207 0.0000239634414994
v 0.2550977649947292 0.0345522228836392 0.1311465879418544
vn 0.0039706624167491 0.9953627013907113 0.0961110114407193
v 0.2752467065702147 0.0346739733321804 0.6889588321458092
vn 0.0000285192155762 0.9999999984333625 0.0000481656440293
v 0.2711121312191010 0.0345504052588842 -0.2064144568752183
vn 0.0000222574849446 -0.9999999994821425 0.0000232447706091
v 0.2820826694160244 -0.0357219984143500 0.1525990252410780
vn 0.0000155068809892 0.9999999998180231 -0.0000111126255575
v 0.3196767659547173 0.0345543443921995 0.0737337804647447
vn -0.0098739041131830 0.6301215853012616 0.7764337020988903
v 0.3096269905124265 0.0237818483231243 0.7385509229832758
vn -0.0021374066992801 -0.9998729676453764 -0.0157949379432199
v 0.3179976489122459 -0.0358218521055277 -0.6647672289771497
vn 0.0000276145190580 0.9999999971145275 -0.0000707699333185
v 0.2660902105193809 0.0345559340964384 0.6046914755890976
vn -0.0000286213009070 0.9999999990292745 0.0000335003291944
v 0.2644741950990009 0.0345563729106883 0.2180484478319241
vn -0.0000276016086968 0.9999999982702910 -0.0000519381306283
v 0.2667459694490288 0.0345503392983673 0.4990704673080396
vn 0.0071381792801587 -0.9926768088940476 0.1205893837802270
v 0.2834247450587276 -0.0360211440672830 0.7084418590936418
vn 0.0003463085957304 0.9999993189225795 0.0011145513598209
v 0.2753765417704121 0.0345590600666513 -0.6294188110448171
vn -0.0000168263153979 -0.9999999998571658 0.0000015948058014
v 0.3263150336881849 -0.0357234242507164 0.0227290991440090
vn 0.0000292152091293 0.9999999991952000 -0.0000274967562396
v 0.3056254692444121 0.0345492883266134 -0.5054782736071693
vn -0.0000222988922482 -0.9999999996972240 -0.0000104072824164
v 0.2634493115586847 -0.0357230242361111 -0.2115658112195540
vn -0.0000084003275223 -0.9999999982333239 -0.0000588454488335
v 0.3005961052507700 -0.0357229603624904 0.5650621762293196
vn 0.0000254647842506 -0.9999999982755049 0.0000529200811893
v 0.2768923857407443 -0.0357239924393533 -0.1020620481321948
vn -0.0010020220664600 0.9999984517639152 -0.0014465204978689
v 0.3131918671123133 0.0345550654770858 0.6224885986799309
vn -0.0000077701713231 -0.9999999997357377 -0.0000216367486582
v 0.3126116035892487 -0.0357261623633666 0.3099326187527015
vn -0.0000320339890640 -0.9999999994828919 0.0000028354483082
v 0.3403884388180644 -0.0357261710354243 -0.4463334953506929
vn 0.0000313370385388 0.9999999995077071 0.0000016048967779
v 0.3111446190685280 0.0345487710606003 0.3877606265423239
vn 0.0000064874213232 -0.9999999999602430 0.0000061177819326
v 0.2975691626670775 -0.0357298393313306 -0.0237158334586500
vn 0.0000360355924608 0.9999999984429062 -0.0000426101387656
v 0.3098648373642604 0.0345524744535475 -0.1587474592255073
vn -0.0000187690601140 -0.9999999994734560 0.0000264728239177
v 0.3138885644604339 -0.0357217942119129 -0.2641598105395130
vn 0.0138813316238613 -0.6629637139077950 0.7485228270894160
v 0.3380838599987850 -0.0320177789344933 0.7375708459361784
vn -0.0000552643627558 0.9999999983272474 0.0000170691377854
v 0.3037752839865557 0.0345595782880743 0.2085015111641123
vn 0.0000111081914867 -0.9999999996057546 -0.0000257895144637
v 0.3092359345009950 -0.0357263848354511 0.0770637664148972
vn -0.0187903125077990 0.9979465765442589 0.0612336061281144
v 0.3334085196828509 0.0348533895503215 0.6940302933298184
vn 0.0000224025605535 0.9999999995702045 0.0000189133899432
v 0.3181369895482856 0.0345517893661227 -0.0256593907148332
vn -0.0003455081146106 -0.9999993119989677 -0.0011209931908604
v 0.3420090426068430 -0.0357294200291946 0.6059574077666701
vn 0.0000389719330286 0.9999999982402503 -0.0000447290497311
v 0.2867184300542215 0.0345572920235393 -0.0953012241443763
vn -0.0115381411887474 0.9986103360595804 -0.0514224465859078
v 0.3170986561744222 0.0346134151704257 -0.6851773322203507
vn -0.0000123988420375 -0.9999999995595107 -0.0000269675227932
v 0.3062632773283676 -0.0357255722608038 0.2412979314573862
vn -0.0003429271717683 -0.9999983382791870 -0.0017904859171264
v 0.2951992863044129 -0.0357312538132524 0.6361765965980033
vn -0.0000190776369994 -0.9999999997438753 -0.0000121775671536
v 0.3908058395748270 -0.0357314400437039 0.2492418766013173
vn -0.0000145562161485 -0.9999999943450255 0.0001053473563787
v 0.3178526682746240 -0.0357246599244495 0.4758803666124259
vn -0.0000317831531323 -0.9999999994698884 0.0000070749199605
v 0.3150718809027411 -0.0357366314455555 0.4046586315437840
vn 0.0000269216014062 0.9999999996256314 -0.0000048953889194
v 0.2992961306215055 0.0345505344800966 0.4509985114630873
vn -0.0000126117381896 0.9999999986010568 0.0000513695455592
v 0.3227518024016097 0.0345504056195195 0.3063514341210583
vn -0.0000061160229382 -0.9999999998127066 -0.0000183624968107
v 0.3153183178015967 -0.0357318648272669 -0.1655906736122412
vn 0.0000479089662916 -0.9999999386599813 0.0003469650768170
v 0.3129293717378868 -0.0357274432237043 -0.5748235649883062
vn -0.0193944094638279 0.6173578263483277 -0.7864433680361336
v 0.3850095419867406 0.0290527062209451 -0.7390564492811339
vn -0.0000395354189454 -0.9999999981919746 0.0000453100609302
v 0.3540993990577967 -0.0357315556604279 0.1192702189024977
vn 0.0000017148346866 0.9999999999884002 0.0000045010130910
v 0.3249332044046819 0.0345488098724595 -0.3225003338565876
vn -0.0000441441591537 0.9999999147777830 0.0004104823014592
v 0.3318454540489306 0.0345603286503543 -0.6254913893033306
vn -0.0000214331537121 0.9999999996962797 -0.0000121680141248
v 0.3153557187938058 0.0345537942297324 -0.4396481198836758
vn 0.0000135782259936 -0.9999999997574373 -0.0000173423511956
v 0.3544348429804511 -0.0357256892109140 -0.0962537722381870
vn -0.0196220237358862 0.9892150683386205 -0.1451500077723959
v 0.3807167070660156 0.0346451924484698 -0.7158471095218617
vn -0.0000093890102548 0.9999999964967651 0.0000831764164150
v 0.3390103866620115 0.0345481300091024 -0.5771726577351292
vn -0.0000249662442932 0.9999999991600358 -0.0000325056153658
v 0.3568114089618584 0.0345520326301416 0.4078365607681982
vn -0.0004621941906130 0.9999994765019325 -0.0009128923218037
v 0.3447466094080004 0.0345585379657607 0.5947581093911783
vn -0.0000339091099309 -0.9999999988998964 0.0000324095556706
v 0.3484496711561163 -0.0357372597328211 -0.3497538513216246
vn -0.0000039158682277 0.9999999983377822 0.0000575247902602
v 0.3542026977890764 0.0345602364758390 0.2297827528725070
vn 0.0000484155795298 -0.9999999986258968 -0.0000201031824149
v 0.4174690212853711 -0.0357252637735250 0.3224587090802711
vn 0.0000156695290739 0.9999999982369980 -0.0000572753853058
v 0.3917593836052749 0.0345553692059632 -0.4766102432248875
vn 0.0000112898114411 0.9999999991599691 -0.0000394030693943
v 0.3616023442675150 0.0345456760506753 -0.1493131007563804
vn 0.0000132825231372 0.9999999999010066 -0.0000046434095782
v 0.3757437013559747 0.0345527333131099 0.0127105619106130
vn -0.0000401451023106 0.9999999986402852 0.0000332836339262
v 0.3821683632633056 0.0345580503219974 -0.3907425094592191
vn 0.0000108511950362 -0.9999999959231795 0.0000896431411075
v 0.3848955050339899 -0.0357363060574175 0.4350844224253588
vn 0.0000300600895278 -0.9999999995480291 -0.0000005768156345
v 0.4249263093449334 -0.0357249719072489 -0.0648253412113823
vn -0.0000104607543894 -0.9999999995300338 0.0000288184832805
v 0.4100733706151830 -0.0357310905887373 -0.3873308392242239
vn -0.0000340188941758 0.9999999983303860 0.0000467112698783
v 0.4065538023371479 0.0345478076628856 -0.2734465593306006
vn -0.0000524874210495 -0.9999999983952250 0.0000213218326393
v 0.3723188911702296 -0.0357313754538522 -0.5232077431411039
vn 0.0000208816189982 -0.9999999997347183 0.0000097222055639
v 0.3835145844950405 -0.0357201486223292 0.5175340360505161
vn 0.0317583525131218 0.5685230014172017 -0.8220541368457608
v 0.4467931753193948 0.0295650555117391 -0.7390907882838580
vn 0.0000268077633418 0.9999999996234153 0.0000058747788940
v 0.4305939813498273 0.0345502343650876 -0.1367589953355335
vn 0.0000430996515124 0.9999999979057904 -0.0000482787656988
v 0.4097087099255325 0.0345505719271348 0.4110049853591843
vn -0.0306573173374799 0.5510948268514164 0.8338792602716993
v 0.3894445898436476 0.0335014104527188 0.7350427515682955
vn 0.0000195127365073 0.9999999990319618 -0.0000394376656347
v 0.3842348146525086 0.0345567659423551 0.4895227601479692
vn -0.0037545951888575 -0.6185546843142975 -0.7857327825207547
v 0.4030507621634347 -0.0332409311832355 -0.7371784572920465
vn 0.0000451763434007 -0.9999999984092637 0.0000337723362186
v 0.4290187740615184 -0.0357295339916574 0.1080441759444964
vn -0.0014661121076131 -0.8071520069823118 0.5903418400721009
v 0.4197114626874895 -0.0355730587334204 0.7288142015658824
vn 0.0023370277003635 -0.0368761500650015 -0.9993171107600985
v 0.3869241486924121 -0.0078667459867104 -0.7391746890788186
vn 0.0000369717030182 -0.9999999984785651 0.0000409385256104
v 0.3877186075313019 -0.0357191793938697 -0.2232499264414917
vn -0.0000088112901156 -0.9999999997412863 0.0000209711351415
v 0.4187778722702399 -0.0357231133637815 0.1663429984177860
vn 0.0000303095961103 0.9999999994217929 -0.0000154189090691
v 0.3866628282910385 0.0345559006940315 -0.0695793399450042
vn 0.0000406316008498 0.9999999953625741 -0.0000873150897863
v 0.4502042906180317 0.0345508374968738 -0.4477351379230052
vn -0.0000259241608855 -0.9999999930622425 0.0001149062780755
v 0.3929792235176047 -0.0357290922224477 -0.3064636101075315
vn 0.0000198740249174 -0.9999999967872505 0.0000776564367928
v 0.4501583183333311 -0.0357148399925447 0.5124749343968191
vn 0.0000520982212447 0.9999999983438024 -0.0000244575237239
v 0.4155689937345313 0.0345543083605497 0.0559734713118095
vn 0.0000431086881782 0.9999999988210934 -0.0000223484716662
v 0.4503247922417192 0.0345458696102551 0.0972606027725855
vn 0.0000376594080391 0.9999999595146272 0.0002820505506676
v 0.4397629718468761 0.0345492148892507 -0.5966568592464832
vn 0.0000498575302476 0.9999999851595244 -0.0001649096050626
v 0.4596743287862677 0.0345520013516603 0.5723086939390168
vn 0.0000564095273439 0.9999999974634534 0.0000434863017175
v 0.4190689148347784 0.0345471066939158 0.2932076741019494
vn -0.0018543423198562 -0.9999251706899542 0.0120919161106406
v 0.4017528502033222 -0.0359154451995492 0.6589788834344151
vn 0.0000185200516316 -0.9999999995551698 -0.0000233809351423
v 0.4115602091607735 -0.0357333060367274 0.0344793270260528
vn 0.0000932665576390 -0.9999987381999591 -0.0015858435733382
v 0.4469028533964965 -0.0357352513247773 0.5979001291291919
vn -0.0000239563638447 -0.9999999989790270 -0.0000383149911729
v 0.4469262822755957 -0.0357289409365961 -0.1121949212834873
vn 0.0001091300510704 0.9999999936857451 0.0000268168198186
v 0.4109687897781942 0.0345611478259159 0.2248563829260617
vn -0.0004704527066518 -0.9999955995151695 -0.0029290996138075
v 0.4210842325572855 -0.0357385482397975 -0.6459793777698338
vn 0.0000176029057215 0.9999999996960917 0.0000172613523155
v 0.4542468048382851 0.0345477745111434 0.4108818613048471
vn -0.0012310700798147 0.6982660639916716 0.7158372638694058
v 0.5224677202544845 0.0319089347969077 0.7368832036591514
vn 0.0000503832795365 0.9999999985119540 -0.0000209192979073
v 0.4363940308548975 0.0345547111470785 -0.1999107203298741
vn -0.0000005961590119 -0.9999999929788000 -0.0001184991323646
v 0.5214426850967333 -0.0357184103285275 0.5465414428876780
vn 0.0000940575028786 0.9999999953157724 -0.0000228394647729
v 0.4546670211329223 0.0345550898899858 0.1532916267100054
vn -0.0000025204517468 0.9999999997317287 0.0000230258573327
v 0.4232134898655320 0.0345502529734520 -0.5252172004215560
vn 0.0001003942385601 0.9999999941642309 -0.0000399065763718
v 0.4571028138634009 0.0345534648828915 0.4856303927242960
vn -0.0000317660682145 -0.9999999992411577 -0.0000225521970318
v 0.5261627635615460 -0.0357175374341422 -0.2057154501423268
vn 0.0042224139952097 0.9997724714381730 0.0209087678848033
v 0.4436315254696433 0.0345914399155892 0.6741180566146693
vn -0.0000132156748583 -0.9999999994895136 0.0000290915571512
v 0.4482504096282149 -0.0357382457923541 -0.3284739080014056
vn -0.0000003059236304 0.9999999889849767 0.0001484249070082
v 0.5044366585238351 0.0345455971485754 -0.2258025357272666
vn -0.0000191789531992 0.9999999990533778 -0.0000390565270784
v 0.4903058695791975 0.0345559353234265 0.3349709248782358
vn 0.0001345087895311 0.9999999908540103 -0.0000141196650007
v 0.5032706334766733 0.0345487580367509 -0.3635336974662660
vn 0.0004504168508996 0.9999994870898183 -0.0009071630287443
v 0.4189446815559892 0.0345587648516375 0.5947143142473374
vn 0.0000940604457105 0.9997542483393014 -0.0221683125237538
v 0.4541896928887689 0.0345829048944995 -0.6666649237016863
vn 0.0000194250196385 -0.9999999997109487 0.0000141693793662
v 0.4297291606539862 -0.0357332249578813 -0.4440715267741994
vn 0.0000778652982486 0.9999999949155766 -0.0000640768457822
v 0.4490218617730998 0.0345588429144924 -0.4000827005571672
vn 0.0000123387995984 0.9999999998350028 -0.0000133322337641
v 0.4951596904924125 0.0345458626748454 -0.1319834758748623
vn -0.0000129909367042 0.9999999995524623 -0.0000269501565903
v 0.4826406795256943 0.0345461178480235 -0.0138746737277689
vn 0.0000115550910181 -0.9999999997206286 -0.0000206209278131
v 0.4925751790576549 -0.0357178949255966 0.3333340089633638
vn 0.0000817752668025 -0.9999999933268489 -0.0000816033568573
v 0.4429574815804603 -0.0357289310372163 -0.0264240487909255
vn -0.0000367255225441 0.9999995627755892 0.0009343981305553
v 0.5169855498890402 0.0345507707482591 -0.6277754563238553
vn 0.0316948415477547 -0.7664488107364310 -0.6415229205102286
v 0.5029981894367435 -0.0347368379744996 -0.7383234267094075
vn -0.0000498772583198 0.9999999981141882 -0.0000358313096497
v 0.5623797885586326 0.0345530971282630 -0.0811048566785844
vn 0.0001086008699555 -0.9999999933800575 0.0000380228323705
v 0.4942521825903381 -0.0357359476295106 -0.5233598750298801
vn 0.0000046347530889 0.9999999999032158 -0.0000131182140392
v 0.5080836004886272 0.0345493638895013 -0.4901997706452550
vn 0.0000379649611010 -0.9999999992219480 0.0000107128713385
v 0.5346793954356779 -0.0357151890601400 -0.0396487882547346
vn 0.0000298970187495 -0.9999999790275205 0.0002026107769412
v 0.5043659842426756 -0.0357239175033365 0.4736816551792730
vn -0.0000017304285703 -0.9999999999972121 0.0000016066920460
v 0.5222259484364445 -0.0357290297378950 0.4312962171893607
vn -0.0254864561150474 -0.4162628316799599 0.9088870642255160
v 0.4582453522183437 -0.0265773738188711 0.7385483523890353
vn -0.0000015548007202 -0.9999999950708282 0.0000992770170357
v 0.5508575759675491 -0.0357285523782245 -0.2928122721950894
vn -0.0032253719633321 0.9024322595182149 -0.4308197000562386
v 0.5362885710814385 0.0348825172359664 -0.7246663762690110
vn 0.0000499540883498 0.9999999987479401 0.0000029511036592
v 0.4386980284101182 0.0345492927215419 -0.0363639527925459
vn 0.0000739436219264 0.9999999892277929 0.0001267941441283
v 0.4914335646145949 0.0345671209589316 -0.2846095362356054
vn -0.0011815826073373 0.6982961574731869 0.7158079912383799
v 0.4491801460531009 0.0313528075376207 0.7369254784617052
vn -0.0000374073005712 0.9999999987672981 0.0000326511554867
v 0.5283692943303090 0.0345465100159810 0.0978090787291201
vn 0.0000472362181549 0.9999999979689415 -0.0000427885143772
v 0.4990436982463387 0.0345444076810348 -0.1750488556358130
vn 0.0000010959669709 -0.9999999874690703 0.0001583055853687
v 0.5113254362013098 -0.0357246469557458 -0.2490240242515722
vn -0.0000608219542687 0.9999999979744933 0.0000187537472552
v 0.4984153536644634 0.0345520256148921 0.0347217642521182
vn -0.0000148752253638 0.9999999985696352 -0.0000513756499016
v 0.5299636979826795 0.0345409184077008 0.4928336852198522
vn -0.0000017835256178 0.9999999999841047 -0.0000053487800383
v 0.5800812021140050 0.0345519264840062 -0.4682072214033486
vn -0.0005150596207750 -0.9999991121530862 0.0012289860155143
v 0.5064297962415504 -0.0357371849686934 -0.6355940025356515
vn -0.0000277435129720 0.9999999992601768 -0.0000266447707270
v 0.5592501849316970 0.0345531569330168 0.3379558397235548
vn -0.0000060660412254 -0.9999999990178895 0.0000439024392608
v 0.5092201883453321 -0.0357292940729927 0.2355114322143246
vn -0.0002201485666045 -0.9999998001028455 0.0005927300209207
v 0.5388117449089244 -0.0357240232776850 -0.5908310227005903
vn 0.0001373547864913 0.9999999899751312 -0.0000344005849031
v 0.5407999653905503 0.0345500513382771 -0.2870996999258730
vn -0.0010101677063426 0.9999831023243335 0.0057249128383368
v 0.5565219852553869 0.0345640944923343 0.6158988247679495
vn 0.0060742158333871 0.9997040843583740 0.0235552036542795
v 0.5470889782306729 0.0345927388091490 0.6785025162804252
vn -0.0000576422420156 -0.9999999981581215 -0.0000190033928776
v 0.5206383143003653 -0.0357225551720533 -0.3998872668588176
vn 0.0007260771878643 -0.9999990640283136 -0.0011596354660022
v 0.5397746293310971 -0.0357230410543473 0.6093135038918785
vn -0.0000408199829064 -0.9999999970076163 0.0000657152678247
v 0.5359889721159998 -0.0357187232862234 0.3051450736461663
vn -0.0000298216854031 0.9999999994569899 -0.0000140245282212
v 0.5684496607636250 0.0345445409959596 -0.3321304529869476
vn 0.0001384154505164 -0.9999946511069968 -0.0032678125036216
v 0.5757259876672652 -0.0357345836418779 0.6614144203043227
vn -0.0000193767376990 0.9999999997875275 0.0000070347110203
v 0.5583588927712460 0.0345515803211776 -0.5272694710458909
vn -0.0000581480609216 -0.9999999976882099 0.0000352474588349
v 0.5752374525866970 -0.0357401665907920 -0.3461952786449988
vn -0.0000640503292847 0.9999999965248886 0.0000533645781199
v 0.5538971530356915 0.0345598335549793 0.0244367272236889
vn 0.0079160103185534 -0.9997759779392673 -0.0196298424909158
v 0.5403172979359656 -0.0358863197623795 -0.6801699583642370
vn -0.0000262736994091 -0.9999999992356519 0.0000289549496440
v 0.5320154020714657 -0.0357289817962848 -0.1236186375944797
vn -0.0000432784606268 -0.9999999990300004 -0.0000081837762705
v 0.5186013524856915 -0.0357250305066366 0.1386421711088648
vn -0.0000114224446231 -0.9999999977619393 -0.0000659215375011
v 0.5397405882306392 -0.0357260499056650 0.0590339621738195
vn -0.0000457405315506 -0.9999999977277029 0.0000495216917472
v 0.5625727981313363 -0.0357199087998093 0.5133084844986190
vn -0.0000775537661860 -0.9999999937035945 -0.0000811062540685
v 0.5952477041473146 -0.0357285538725029 0.3346442882646880
vn 0.0012669018175848 0.9999981310339331 0.0014604411749221
v 0.5707486467935172 0.0345538593834241 -0.6461793549341103
vn -0.0000156222145235 -0.9999999997321768 0.0000170760911922
v 0.5378209609745281 -0.0357247955212877 -0.4726198613450060
vn 0.0140120496765981 -0.9974873477332300 0.0694453279637067
v 0.5236533219867915 -0.0359622734603709 0.6848511829303052
vn -0.0000456964244876 0.9999999989449432 -0.0000046851457214
v 0.5637363836162961 0.0345506249178970 -0.1624420744459968
vn -0.0003060036331499 -0.9999998196781968 -0.0005167256042184
v 0.5859005599517051 -0.0357285832485988 0.5963356396340231
vn -0.0177891629952903 -0.6578428083010532 -0.7529451409276181
v 0.5655780659603502 -0.0313268821808826 -0.7389730631273205
vn -0.0012806779933054 0.9999981240323647 0.0014532018541928
v 0.5845169768340185 0.0345560627853451 -0.6712698663770487
vn -0.0000442536923112 0.9999999980231130 0.0000446697297932
v 0.5569340547041109 0.0345454610265549 0.1374092306032705
vn -0.0000318366385579 0.9999999972714421 -0.0000666599162624
v 0.5568854765484867 0.0345456930381587 0.2778618651861530
vn -0.0001414886984877 -0.9999999894104157 -0.0000340604822619
v 0.5893816987932307 -0.0357175787828817 -0.0158030831369611
vn -0.0000929917592540 0.9999999951761152 0.0000316275578830
v 0.5992744718650085 0.0345503101173659 0.2136002318896396
vn 0.0000105571557545 -0.9999999995083079 0.0000295284727442
v 0.6145459517364017 -0.0357255515541133 0.2678086035007283
vn -0.0000484144463056 -0.9999999970459814 -0.0000596999044084
v 0.6035916309820980 -0.0357317609908718 -0.1579324815809411
vn -0.0000521678394748 0.9999999985316611 -0.0000146695131446
v 0.6491575923594043 0.0345506276463759 0.2575292365492663
vn -0.0078918989938152 -0.6657792573306203 0.7461070288092446
v 0.5717407487045129 -0.0302693110956538 0.7380726812310106
vn -0.0000300916612755 -0.9999999995021109 0.0000095010583739
v 0.6283197245499681 -0.0357314197310533 0.0818394522228362
vn -0.0000844165802011 -0.9999999963991479 0.0000086916686778
v 0.5819726058822379 -0.0357333054378654 -0.5205983548967321
vn 0.0000256499267090 -0.9999999973449702 0.0000682066018213
v 0.5950096303229202 -0.0357385907170994 0.2140748581940602
vn -0.0000324380197267 0.9999999971515926 -0.0000681512278696
v 0.6477211111601158 0.0345473516077547 -0.1606797802205403
vn -0.0001721046303142 -0.9999997659749627 0.0006621404806006
v 0.6287529240729050 -0.0357290306327991 -0.6139889139856137
vn 0.0000884529198488 -0.9999999935063681 0.0000718564172267
v 0.6167489943815898 -0.0357301261801618 -0.3306174172580324
vn -0.0000199623895741 0.9999999997138964 -0.0000131799197172
v 0.6306449217173770 0.0345580013974967 0.3401950163892433
vn 0.0000207127625690 -0.9999999997064253 -0.0000125750169385
v 0.6293597933972381 -0.0357246041367409 -0.2440624834471646
vn 0.0000137496933799 0.9999999995663843 -0.0000260418351327
v 0.6184201285896750 0.0345525501514514 -0.4169006521988720
vn -0.0000326283596757 0.9999999984212885 0.0000457472742009
v 0.5924337265592615 0.0345521874723837 0.4178945457074886
vn 0.0000225993976963 -0.9999999989781884 0.0000391521437539
v 0.6244785804804236 -0.0357285781587272 -0.4492740045557189
vn 0.0000008329839585 0.9999999999145938 0.0000130429480638
v 0.6082971017017093 0.0345564413550161 0.0481416384928852
vn -0.0000409984931804 -0.9999999988710015 0.0000240233326125
v 0.6402353701412749 -0.0357309413657174 -0.0878191712541221
vn -0.0172695800270533 0.8137435154261501 -0.5809675143306898
v 0.6317612127211021 0.0311237324032256 -0.7383949082449037
vn 0.0000551241145750 -0.9999999968480134 -0.0000571428483380
v 0.6760349279908159 -0.0357315218306844 -0.1657701710828517
vn 0.0015653140182484 -0.9993881925136066 -0.0349398119114947
v 0.6277442719478690 -0.0357422222087603 -0.6728783800213073
vn -0.0000129120999016 -0.9999999998102114 -0.0000145895450458
v 0.6637750379903780 -0.0357262606864279 0.5777705678630004
vn 0.0137622784420235 0.9986877362707456 -0.0493295561960366
v 0.6310190508141054 0.0346233164719224 -0.7027440779135123
vn -0.0000796555134350 0.9999999966357462 0.0000195833304586
v 0.6289225332486594 0.0345563554839981 0.1471679906775619
vn -0.0020584543222804 -0.9996161107049782 0.0276295853182031
v 0.6484869358848414 -0.0359188110239532 0.6788345550097900
vn 0.0000367269227013 -0.9999999989536756 0.0000272723669057
v 0.6097297058373479 -0.0357351093548239 0.4148915544173165
vn -0.0000164196282942 0.9999999929644868 -0.0001174794536580
v 0.6405671894402990 0.0345636545686509 0.5795901542476124
vn -0.0000036322443828 0.9999999999931709 -0.0000006819139457
v 0.6622757775042891 0.0345542522284579 0.0694700825547598
vn 0.0000046005928552 -0.9999999991816397 0.0000401939675735
v 0.6365222595938104 -0.0357274237990962 0.4797963148175689
vn -0.0024942011827359 0.9999924020454922 0.0029957990164243
v 0.6417649338522735 0.0345650047645060 -0.6327463473862733
vn -0.0000144402139560 -0.9999999980619150 0.0000605611273623
v 0.6645191039390566 -0.0357262495629056 -0.3070900736843832
vn -0.0001408757184577 -0.9999999900722121 -0.0000030996368560
v 0.6516243807104175 -0.0357367991368171 0.0209263307996702
vn -0.0000099983484944 0.9999999996084384 0.0000261372531820
v 0.6299326415973010 0.0345525315087445 -0.2647741038051071
vn 0.0005962777511900 -0.9999995999487115 -0.0006667497737194
v 0.6999217862024261 -0.0357266329646475 0.6214731641091240
vn 0.0052568406815338 0.7791227327181520 0.6268493702540093
v 0.6460210272281901 0.0318432953734614 0.7370929506645142
vn 0.0000584528894967 -0.9999999982915245 -0.0000004586309458
v 0.6833068671688134 -0.0357200122441034 -0.2218923690830206
vn -0.0000174207689127 -0.9999999997955629 0.0000102660083061
v 0.6888199589696153 -0.0357276113942570 0.2523563298288036
vn 0.0000605952873316 -0.9999999981202450 0.0000093659713395
v 0.6697844543481022 -0.0357293488999605 0.3162871847288476
vn -0.0000484571682109 0.9999999971274464 -0.0000582838736897
v 0.6179597707551723 0.0345545268471669 0.5020079891909421
vn 0.0000000955482903 0.9999999999960787 -0.0000027988539719
v 0.6957741730353513 0.0345598833183948 -0.0389351358429184
vn 0.0000089548616034 -0.9999999992494049 0.0000376961641731
v 0.6693010654004619 -0.0357363136057310 -0.5179649341458878
vn -0.0000510279243442 0.9999999982080373 0.0000313061711422
v 0.6489448025356461 0.0345551376408873 -0.0503374065808101
vn 0.0023819888847540 -0.9997761720126362 0.0210221788764261
v 0.7044404610115569 -0.0357500640748313 0.6765798069689847
vn -0.0000415392043857 -0.9999999989086852 0.0000213804640050
v 0.7294876412281972 -0.0357366242602893 -0.3488810326039720
vn 0.0000171486645658 0.9999999998383842 0.0000053995106953
v 0.6690227562216250 0.0345570081357166 0.3321313920956924
vn 0.0001196877717343 -0.9999999923380369 0.0000316032187969
v 0.6891711298386832 -0.0357218240165063 0.3540741633513724
vn -0.0000424127846301 0.9999999991000786 -0.0000009992008024
v 0.6333252619386995 0.0345542794446216 -0.3505562160668012
vn 0.0034059661537387 0.9995346027738254 -0.0303146375919400
v 0.6836511125856203 0.0351552579695039 -0.6784415227926336
vn -0.0000177436017942 0.9999999995845178 -0.0000227184706220
v 0.6910426459025402 0.0345458286260196 -0.2147571417326955
vn 0.0000635291664916 -0.9999999958521666 0.0000652664671661
v 0.6812881140421361 -0.0357286762485351 -0.4537310190367287
vn -0.0000403718610097 0.9999999970461710 -0.0000654046670412
v 0.6627560786331824 0.0345605672709459 -0.1052928261102671
vn -0.0000184858037938 0.9999999998035399 -0.0000071550830655
v 0.6782538547142920 0.0345516581326548 -0.4366170566754027
vn -0.0003673263230760 0.9999977822831021 0.0020737647527997
v 0.6808593351112914 0.0345522352337497 -0.5930671385537687
vn -0.0023875786243896 -0.6970989278199287 0.7169709787018008
v 0.6844723554594002 -0.0332437399900858 0.7365213287409158
vn -0.0023330578508236 0.9976327352849879 0.0687275951045725
v 0.6821292720919522 0.0348620846210316 0.6994725683123182
vn -0.0038173296386675 -0.7037579643902711 -0.7104295570650841
v 0.6993915967176627 -0.0339139787323639 -0.7366056882545862
vn -0.0033202044638521 -0.9998405465183914 -0.0175458764421385
v 0.6837656941087685 -0.0358913155041155 -0.6710679005378964
vn 0.0000294086093664 -0.9999999994539869 0.0000150718301399
v 0.6818790385039092 -0.0357241622728446 0.1600441481772197
vn 0.0000232610758310 -0.9999999996802632 -0.0000099194795316
v 0.7186509824270810 -0.0357253082683790 -0.0964351163406930
vn -0.0000501451312615 0.9999999987367680 0.0000034539759274
v 0.7330573133662046 0.0345485588043417 -0.1959944895501723
vn -0.0007642416481177 -0.9999997041188848 0.0000877316710773
v 0.7780671082446925 -0.0357275591099947 0.5854761136717886
vn -0.0085639345454040 0.5710291833554061 -0.8208850898765065
v 0.7053780782095781 0.0303433533289115 -0.7385753461910984
vn -0.0000350218248374 0.9999999992538284 -0.0000163038304346
v 0.6787499907597037 0.0345509783342159 0.4465393451938013
vn -0.0001347060943608 0.9999999907988357 -0.0000160186402635
v 0.7226988893937909 0.0345518286690313 0.1911484319474193
vn -0.0000249330052779 -0.9999999994742275 0.0000207337971266
v 0.7426200445482014 -0.0357333435224415 0.2102548037914826
vn 0.0000219990035340 -0.9999999994251761 -0.0000258010022428
v 0.7236045806382887 -0.0357268213180687 0.5118362863250311
vn -0.0000348676534557 0.9999999987478322 0.0000358968262916
v 0.6770429338666120 0.0345533682976784 -0.5071637838305731
vn 0.0000396810284919 0.9999999990517955 0.0000179394818136
v 0.6745388025151656 0.0345597621080430 0.1478478027768765
vn -0.0000369855332771 0.9999999991561536 -0.0000178819262893
v 0.7310227574711494 0.0345556442984906 0.3174484766421500
vn -0.0001082468065921 0.9999999941374832 -0.0000027681255221
v 0.7251837370223713 0.0345542375479609 0.1730351744972526
vn -0.0000921368825974 -0.9999994836112955 0.0010120711126416
v 0.6837048691900424 -0.0357361972025447 -0.6093690208031461
vn -0.0001067315243231 0.9999999390193184 -0.0003325202866285
v 0.7348885492836047 0.0345574778262664 0.5865938003836840
vn -0.0000502299160324 0.9999999957661875 0.0000771011060268
v 0.7418561905615044 0.0345477308326739 -0.2422323190402306
vn -0.0000328065772845 0.9999999994454386 -0.0000057316031641
v 0.7344846330176460 0.0345542532247726 -0.3153383650200591
vn -0.0000111294695848 -0.9999999980773270 -0.0000610039429752
v 0.7561994193074131 -0.0357253495766368 -0.4189196638585528
vn 0.0000472437355853 -0.9999999970950986 0.0000598149832918
v 0.7355858607789145 -0.0357308434053012 -0.5686635704794660
vn 0.0000394517954954 -0.9999999987531759 0.0000306137890554
v 0.7383764423119944 -0.0357355274803034 0.0286998891344477
vn -0.0000303294664123 0.9999999990358989 -0.0000317541452998
v 0.7316701762096760 0.0345579468401649 0.2353711568808468
vn -0.0000192796793726 0.9999999997585838 0.0000105416449937
v 0.7460308307089971 0.0345555008169485 0.0263434045193843
vn -0.0000063612272009 0.9999999975210505 0.0000701244167641
v 0.7267131577217669 0.0345562286166043 -0.2831483094859160
vn 0.0000065535011393 -0.9999999996774770 -0.0000245376771393
v 0.7342865158647401 -0.0357210474252677 0.4002099753038685
vn 0.0000018431340240 0.9999999999934005 -0.0000031307937639
v 0.7379363478364709 0.0345584519740290 0.4783841228954173
vn -0.0000361118006649 0.9999999988018656 -0.0000330485496393
v 0.7556232932300442 0.0345517225666528 0.0862765908640356
vn -0.0067122529960027 -0.9989527512446622 -0.0452586614963095
v 0.7916276188295929 -0.0359395583768374 -0.6708700899495755
vn 0.0015765378465324 0.9990056726371680 -0.0445553651895916
v 0.7463831174439650 0.0347580566834741 -0.6903814662699538
vn 0.0000475697281697 0.9999999970540232 -0.0000602418009128
v 0.7464176120420600 0.0345588114494405 -0.5295944047632585
vn -0.0000031331898395 -0.9999999999709679 -0.0000069460144703
v 0.7546330580000227 -0.0357241035195218 0.4431969313158661
vn -0.0000211789869952 -0.9999999987855610 0.0000445008818877
v 0.7680863888536651 -0.0357193493821817 0.3029697339540151
vn -0.0000933158758113 0.9999983878091099 -0.0017932293016875
v 0.6840270952615334 0.0345667839026067 0.6237133120881028
vn -0.0000133644850405 -0.9999999944298836 -0.0001046977703582
v 0.7455428649239306 -0.0357201416483818 -0.2015836965057201
vn -0.0121393934068597 -0.6760944556010668 -0.7367149531760643
v 0.8130035922998198 -0.0294290025657938 -0.7390848030061874
vn -0.0011302934213008 0.9999993429667429 0.0001910572279278
v 0.7978421424997567 0.0345611662615351 0.0548747600083339
vn -0.0008602743506816 0.9999996273584649 0.0000721870682059
v 0.7892877890990389 0.0345552796764912 -0.2811601929923631
vn -0.0003654070495903 -0.9999999326336919 0.0000347893646749
v 0.7944570710866518 -0.0357304645322340 0.1005495823157583
vn -0.0000867129639668 -0.9999999962051285 0.0000084026733875
v 0.8092354760845241 -0.0357257351013578 0.3470445774256796
vn 0.0000280594854864 0.9999999956774293 0.0000886442716579
v 0.7454551804229093 0.0345499421089467 0.1614366702206500
vn 0.0049925380020924 0.4893186274496143 0.8720907953849319
v 0.7465626656940579 0.0280854504652469 0.7383439923824348
vn -0.0009951321582959 0.9999994703753883 -0.0002626041323385
v 0.7982078238620040 0.0345594365725670 -0.3330970669741729
vn 0.0000018114242623 0.9999999994625831 0.0000327345744002
v 0.7927623458257357 0.0345622448440205 0.4139828714544194
vn -0.0005181952865442 0.9999998038080044 0.0003519340816544
v 0.7736397386721973 0.0345564303251892 -0.4770437118385482
vn -0.0156697227662226 -0.0232043379000351 -0.9996079323870188
v 0.7571188808523156 -0.0103018428055017 -0.7391616950344673
vn -0.0000375627586412 -0.9999999992890541 -0.0000033061688802
v 0.7617671624729240 -0.0357273196379949 -0.1039348250630421
vn -0.0003917968318947 0.9999998688752233 0.0003297647324611
v 0.8012246259399007 0.0345624389803382 0.3208765100074530
vn 0.0490960853660336 0.7629124772506769 -0.6446348784055720
v 0.8103773146958401 0.0321260733990492 -0.7395334921234303
vn 0.0077897999257695 0.9999522751318084 -0.0058963103578770
v 0.7786229878699487 0.0345750145769933 -0.6520303365838682
vn 0.0003474944942933 -0.8001053990984776 0.5998593414968565
v 0.7810972327711447 -0.0337504883378438 0.7351243026593031
vn -0.0003392191202353 -0.9999999393645203 0.0000787486142550
v 0.7928244918645185 -0.0357300245279705 0.1967034986514789
vn 0.0000438427797952 0.9999998550574684 -0.0005366217036622
v 0.7773805483139318 0.0345565932679626 0.5665883941107065
vn -0.0000684300267179 -0.9999999961499924 -0.0000549303801953
v 0.8060592023084382 -0.0357324160788644 -0.1527767764941797
vn -0.0000657087924043 -0.9999999977452688 0.0000138497999683
v 0.7751592815483188 -0.0357175243980450 -0.2419620052337906
vn 0.0019296632675488 0.9999976178268181 0.0010201668310518
v 0.7918855620360626 0.0345550499801744 -0.0547572442926818
vn -0.0005324144546558 -0.9999745211148742 0.0071185431041952
v 0.8029159332249665 -0.0357339268935901 0.6388803735746564
vn -0.0000155938346340 -0.9999999985045670 0.0000524184904375
v 0.7618512703127034 -0.0357280742526108 0.0671772446352194
vn -0.0000205631974429 0.9999999997693397 -0.0000062028483750
v 0.7739358501398977 0.0345563931885038 -0.3992724671366946
vn -0.0000031878805915 0.9999999989882287 -0.0000448707027634
v 0.7581992182333160 0.0345477565224669 -0.1166463791541598
vn -0.0000105660710784 -0.9999999955639324 0.0000935975071650
v 0.8009334900738203 -0.0357321673808991 -0.5310506560811615
vn -0.0004824106848905 0.9999996419777626 0.0006952152742367
v 0.8040367902430946 0.0345567823572043 -0.2203523171823189
vn -0.0001639958312169 0.9999995979780519 -0.0008815606057871
v 0.8095847010156344 0.0345611135182714 0.5880547223211143
vn 0.0103878869482036 -0.9999441231319677 -0.0019602088132366
v 0.8660154608278982 -0.0359460110878680 0.5343658864683246
vn -0.0000371791858363 0.9999999992255381 0.0000129086032300
v 0.7765393402531862 0.0345532111952211 0.4967393521713275
vn 0.0008859911615440 -0.9999995026072684 -0.0004580446237334
v 0.7808324528153561 -0.0357219788033636 0.4928487288345962
vn 0.0199982255974341 0.6444324486306334 0.7643996926509585
v 0.8303188001118175 0.0298455277279873 0.7382299667978155
vn -0.0000284051770721 0.9999999978642292 0.0000588615967947
v 0.7735841192031926 0.0345624602143453 0.1358557429141465
vn 0.0018790308391280 -0.9999976837122438 0.0010496729264633
v 0.7922053261148679 -0.0357297527550369 -0.2893828661724844
vn 0.0011285541335430 -0.9999987442824854 0.0011125641644627
v 0.7879895603829982 -0.0357283876489802 -0.5998650329280926
vn -0.0005048491817582 -0.9999998724821058 -0.0000127701210144
v 0.8138709925080265 -0.0357317451544441 0.1436077169272192
vn -0.0310655078108870 -0.9978002219987301 -0.0585632239868728
v 0.8328860724624919 -0.0357535928718113 -0.6991880104663084
vn -0.0008372274764283 -0.9999994885006334 -0.0005674932814108
v 0.8511862950587731 -0.0357224204806134 -0.0174375217620688
vn 0.0064114742813862 0.9999789318932611 -0.0010142815938691
v 0.8519762481763807 0.0345587350121999 -0.5716560897820429
vn 0.0094450922830078 0.9999552161023754 -0.0005966753030944
v 0.7991826863655508 0.0346390886197626 0.6358381258913074
vn -0.0006563036298041 0.9999995925297689 -0.0006198434008080
v 0.7971302247754546 0.0345493385210044 -0.5357683477696797
vn -0.0000674183558572 0.9999999977210330 -0.0000035636135131
v 0.7879348788314824 0.0345502709152147 -0.1525997674527372
vn 0.0052190564667427 0.9999840941655216 0.0021384259533707
v 0.8722136440750597 0.0345588643015306 -0.0804000967038280
vn 0.0155281573872464 -0.9998790940920277 0.0008206862147620
v 0.8697918062107028 -0.0357321299181887 -0.0714677513166568
vn 0.0206103697346875 0.9997825098420847 0.0031852273484237
v 0.8944122672492180 0.0348084142955173 0.0820360400007283
vn -0.0489857058934054 -0.9982036948932654 -0.0344932474487013
v 0.8601616281402916 -0.0357335941903202 -0.1447830449804723
vn 0.0074494903673102 0.9999721147407604 0.0005242462768527
v 0.8177078002870369 0.0345554314868689 -0.3850024135962246
vn -0.0012658334263253 -0.9999991955536746 -0.0000809798779158
v 0.8548064042772577 -0.0357310652828424 0.3246032285249041
vn 0.0000424884676625 -0.9999999985005261 0.0000345496424241
v 0.7915842091375913 -0.0357312850788902 -0.3579363368065768
vn -0.0005780479610337 0.9999998307590114 0.0000658976706615
v 0.8472150756148149 0.0345565307018408 0.4360143181141935
vn 0.0024823757632555 0.9999906738499014 -0.0035341227752129
v 0.8515534382757804 0.0345571687125717 0.0195107940760122
vn -0.0006732886670345 0.9999997437136828 -0.0002434233751326
v 0.7816010767953210 0.0345533731056682 0.2664485073301293
vn 0.0320076108346812 -0.9994809571042148 0.0036509224448530
v 0.8822573505889868 -0.0357509214771301 0.2108837523988229
vn 0.0000067666461332 -0.9999999952053094 0.0000976913176399
v 0.7821819742421451 -0.0357215870085477 -0.4927542035757956
vn -0.0000815494193441 0.9999999963913686 0.0000238108174618
v 0.8385475274309527 0.0345508967095711 -0.1698516736071065
vn -0.0010282457618381 -0.9999994647550945 0.0001148920280568
v 0.8566903386211904 -0.0357263824412763 0.3863205832336903
vn -0.0010623909504165 0.9999992207951045 -0.0006555414954047
v 0.8544085223004797 0.0345623635094689 0.2071704012514126
vn 0.0250816732131698 -0.9996805113741938 0.0031280740812852
v 0.8843323678760692 -0.0357278357534414 -0.5239696341915044
vn 0.0017642891703895 -0.9999949203280645 0.0026545436126483
v 0.8633471905807060 -0.0357253665021880 0.4330098955628544
vn 0.0022472398739573 -0.9999951368619265 0.0021624443219538
v 0.8664310871067313 -0.0357330259022917 -0.3358438834208056
vn -0.0008577028183823 0.9999995676492835 0.0003592312921596
v 0.8527416000957220 0.0345576591546657 0.3488931736235198
vn 0.0135049627067758 0.9998862546518371 0.0067151873101362
v 0.8693530547688291 0.0345579158883648 -0.4325951929425991
vn 0.0347953504326024 -0.9993704902450655 -0.0069214749591240
v 0.8925233533394927 -0.0357799123844504 -0.0248157749108203
vn -0.0000665400540447 0.9999999956032896 0.0000660745175209
v 0.8485911164545743 0.0345589342636393 0.5308893960030845
vn 0.0184038105031478 0.9978892492262113 0.0622763682122908
v 0.8248160266182001 0.0347215039480138 0.6990916989594064
vn 0.0064700007807095 -0.9999781110599476 -0.0013843738211619
v 0.8629791033686088 -0.0357205395894810 -0.4544831345788952
vn 0.0638760688139379 0.9948996427212597 -0.0780675908811503
v 0.8963007739958377 0.0351661976354188 -0.6846447419876815
vn 0.0173030407283795 0.9998447885666638 0.0033171610807407
v 0.8800915516367864 0.0345607279883830 -0.2187168721906280
vn 0.0255289017870434 -0.9996736620237667 0.0009190372893348
v 0.8967013760886285 -0.0358171186721676 0.1080881024315362
vn 0.0515967364056919 -0.9986544243717645 0.0052074441889864
v 0.9107137895066626 -0.0361687349419854 -0.6323034335293397
vn -0.0002988921466633 -0.9999999369102341 -0.0001919453374473
v 0.8068045094107898 -0.0357318644710823 0.0303407483809564
vn 0.5170481091198073 0.8559538027965001 -0.0020833467887159
v 0.9478306702754411 0.0335539023478789 -0.0238107903249152
vn 0.0111851636952640 -0.9999350216034647 -0.0022010642854388
v 0.8665571382717913 -0.0357316378660660 0.2701132796763582
vn 0.0178881287565733 0.9998243795577952 0.0055879237162058
v 0.9030911832617637 0.0346823668672782 0.2925409849148586
vn 0.1579091473264549 -0.8039323065361277 -0.5733738289267601
v 0.8900657909350057 -0.0352547034679753 -0.7335606148653659
vn 0.0175498444124133 0.9998456672990459 0.0008028352420535
v 0.8826329980430644 0.0345770044367262 0.4731253968800653
vn 0.0261553546071794 0.9996434110060336 0.0053803585005973
v 0.8896310483773661 0.0345594775999208 0.5297027999484358
vn 0.0129726427849876 0.9999125906782916 -0.0025537310352150
v 0.8755336453323076 0.0345587259306928 -0.1398375809868998
vn 0.0201080879004589 -0.9997863669771655 -0.0047838486167370
v 0.9028565829084698 -0.0357384150762050 -0.4067465915575855
vn 0.0067382992071505 0.9999772135621369 -0.0004094878500275
v 0.8674438470077097 0.0345750496619909 -0.6181647949901843
vn 0.1685366570418247 -0.6071593293791382 0.7765004468646760
v 0.8843137181072468 -0.0342385788633298 0.7356912027145279
vn -0.0022342273700710 -0.9999058162698037 0.0135413004499778
v 0.8769848371548579 -0.0358126831676403 0.6681198389003673
vn 0.0088110485909611 0.9999587262218951 -0.0022161397548008
v 0.8740106481926911 0.0345571499623011 0.1306205798869639
vn 0.0289362139770419 0.9995753011419753 0.0034515022242668
v 0.8941793987457003 0.0346286890987770 0.4044081602598132
vn 0.0424000034359404 0.9990988521519016 0.0019295951349812
v 0.8929790744699772 0.0348147232660036 -0.2955762533641305
vn 0.4138772465252780 -0.9096356147470857 -0.0356184389375220
v 0.9459373849533894 -0.0348084765275973 -0.2790086384849051
vn 0.0140350752753149 0.9999010689163303 0.0009322242198368
v 0.8809841635689665 0.0347671327850278 -0.4893742308985501
vn 0.0585724873349479 -0.9982778631048448 -0.0032514246449848
v 0.9116092516679166 -0.0359047469680841 0.3405952907578510
vn -0.0487981974227838 -0.9971476300819003 -0.0575789870554921
v 0.9109168625851273 -0.0359187711793563 -0.2215208972560614
vn 0.7108034321480661 0.7007066553847975 -0.0613894449069264
v 0.9483873990303604 0.0328382527948278 -0.6319941353720345
vn 0.5561312631879761 0.5502596871528734 -0.6228421106503380
v 0.9381178097810525 0.0242663124830978 -0.7165855796859514
vn 0.7621855335911696 -0.5872050919367248 -0.2725131049838279
v 0.9475016661501382 -0.0332241032687497 -0.6938482803799977
vn 0.5297646420383841 -0.8481381520048102 -0.0033315401555618
v 0.9450822051147668 -0.0350489340997671 0.4639015914513884
vn 0.7361400333759033 0.6768254442077989 -0.0022736169949625
v 0.9506766406291237 0.0301654057155026 0.5859725817274599
vn 0.7352134305249665 -0.6778346304735273 0.0011938620217844
v 0.9505189040615447 -0.0318600622050692 0.1683778837276403
vn 0.4474927513933584 0.5368718780402499 0.7152054418276870
v 0.9163255473604699 0.0284092227082497 0.7308939567223381
vn 0.7048213574060500 0.7093098035453171 -0.0103177874952341
v 0.9465793119169592 0.0335387144823217 -0.1151818440287742
vn 0.7406320395899069 -0.6718930576008407 -0.0048888731511201
v 0.9501900351521567 -0.0319068043707827 0.0961920160621904
vn 0.8187368359464110 -0.5740184222508141 0.0131470293658193
v 0.9493589579652902 -0.0332425441116091 0.6015483089151035
vn 0.8766150111117815 0.4811338232335471 0.0075077582646900
v 0.9511756658032083 0.0267115907817070 -0.3184342627161081
vn 0.5710304402095778 -0.7543379780162153 0.3238803039341289
v 0.9414700801202007 -0.0353513369085949 0.6967034030667546
vn 0.7348673102710331 -0.6781921694655717 -0.0050415841358252
v 0.9498762686244957 -0.0325553916705827 -0.2101690154163822
vn 0.8213795381271938 -0.5703763905509165 -0.0025352412244454
v 0.9477271991819594 -0.0341826802110238 -0.3952067403124304
vn 0.7056667308717191 0.7081019851330602 -0.0250208631234047
v 0.9496241102640273 0.0316250947163322 0.3209987738480129
vn 0.3463724283438575 0.9380369643620081 0.0106204695606125
v 0.9362381124619366 0.0347929395488012 0.2215017185620175
vn 0.6980743894862973 0.7000305758970266 0.1504969752274469
v 0.9502282076769373 0.0317330176478483 0.6715258062578190
vn 0.6229603419658164 -0.7821908148915285 0.0098965366244794
v 0.9471272790000949 -0.0344249703818118 -0.1269062216476169
vn 0.6738973630190984 0.7377036171407725 0.0406905071647679
v 0.9493463246399128 0.0323034467516108 0.1643154780607428
vn 0.6357812659385059 0.7718047776810807 0.0099783280307026
v 0.9496292784599191 0.0319574988266516 -0.3903596485111734
vn 0.7158536537139653 -0.6982463441020251 -0.0023641938420735
v 0.9485019244866014 -0.0336893867846425 -0.4715202684854217
vn 0.5740568208784241 0.8188087679412743 0.0033117888594093
v 0.9488542087927057 0.0322594895243245 -0.4557976198494870
vn 0.7456155527737754 -0.6663761209900253 0.0005593175701874
v 0.9510338588353384 -0.0310202257248170 -0.6027354670930940
vn 0.6397744596020348 0.7684935852700557 0.0103077756911898
v 0.9499089891797944 0.0310100258215788 0.4562296228112201
vn 0.8614521055374700 -0.5077941419739936 0.0067364116527475
v 0.9511581091178465 -0.0283951522967554 0.3415871147709452
vn 0.7403709456754076 -0.6720857307579137 -0.0123139478358416
v 0.9505061376944640 -0.0312137911360728 -0.0516150301679764
vn 0.7699934299456457 -0.6378563359673191 0.0157927992099806
v 0.9498747802663490 -0.0322477308760909 0.2593556816191798
vn 0.6082443887275000 0.7937421652510335 0.0034840614390701
v 0.9491469456387632 0.0326969554088060 -0.5335673505924042
vn 0.7337395548122621 0.6794133098157625 -0.0048805890109806
v 0.9500108855398414 0.0315290685444332 -0.2201017715606951
vn 0.8345908493640990 0.5508657852404337 -0.0022362489021080
v 0.9490489637547469 0.0321436817046149 0.0739248236360378
# 1002 vertices, 0 vertices normals


usemtl material_0
vt 0.3620062768459320 0.7249023318290710
vt 0.3431566059589386 0.7255886793136597
vt 0.3582717776298523 0.7165886163711548
f 11/1/11 26/2/26 9/3/9
vt 0.2436144053936005 0.5458710193634033
vt 0.2193294167518616 0.5396797060966492
vt 0.2454752027988434 0.5212300419807434
f 30/4/30 35/5/35 31/6/31
vt 0.2227998971939087 0.5041809678077698
f 35/5/35 27/7/27 31/6/31
vt 0.4394495785236359 0.2354072332382202
vt 0.4128970205783844 0.2511064410209656
vt 0.4116520285606384 0.2231727242469788
f 44/8/44 42/9/42 13/10/13
vt 0.3092978596687317 0.6105677485466003
vt 0.2863944172859192 0.6257249116897583
vt 0.2864087522029877 0.5897091031074524
f 6/11/6 3/12/3 11/13/11
vt 0.2967038154602051 0.2479861676692963
vt 0.3126261234283447 0.2459552884101868
vt 0.3048145473003387 0.2716856896877289
f 21/14/21 12/15/12 1/16/1
vt 0.4243285655975342 0.7870408892631531
vt 0.4474449753761292 0.7940557599067688
vt 0.4377599358558655 0.8021463751792908
f 7/17/7 3/18/3 4/19/4
vt 0.5405251383781433 0.2450384795665741
vt 0.5659970641136169 0.2351285666227341
vt 0.5699676275253296 0.2681823670864105
f 17/20/17 22/21/22 35/22/35
vt 0.2961916327476501 0.6387857198715210
f 3/12/3 6/11/6 4/23/4
vt 0.5440369248390198 0.2692138254642487
f 30/24/30 17/20/17 35/22/35
vt 0.5447903275489807 0.2117212414741516
f 22/21/22 17/20/17 2/25/2
vt 0.5632165074348450 0.2110113203525543
f 2/25/2 14/26/14 22/21/22
vt 0.3121440410614014 0.7258514165878296
vt 0.3163874149322510 0.7000120878219604
f 26/2/26 10/27/10 18/28/18
vt 0.3324190378189087 0.2715647518634796
f 5/29/5 1/16/1 12/15/12
vt 0.3409865796566010 0.2464466989040375
f 5/29/5 12/15/12 49/30/49
vt 0.3565404713153839 0.2720728814601898
f 36/31/36 5/29/5 49/30/49
vt 0.3099361360073090 0.5754303932189941
f 11/13/11 23/32/23 6/11/6
vt 0.4138871133327484 0.2795505821704865
vt 0.4423482418060303 0.2564864158630371
f 24/33/24 42/9/42 19/34/19
vt 0.3592956066131592 0.2561877965927124
vt 0.3624323606491089 0.2666838467121124
f 36/31/36 14/35/14 2/36/2
vt 0.4456648528575897 0.7296721339225769
vt 0.4460748136043549 0.7570350170135498
vt 0.4229513406753540 0.7454727292060852
f 1/37/1 8/38/8 21/39/21
vt 0.3536776900291443 0.7000310420989990
f 23/40/23 9/3/9 26/2/26
vt 0.4417656362056732 0.2868745625019073
vt 0.4172992110252380 0.3038085997104645
f 24/33/24 41/41/41 10/42/10
f 36/31/36 49/30/49 14/35/14
vt 0.2923024594783783 0.7107359170913696
f 41/43/41 18/28/18 10/27/10
f 42/9/42 44/8/44 19/34/19
vt 0.2959294915199280 0.5731281042098999
f 9/44/9 23/32/23 11/13/11
vt 0.3122725784778595 0.6457331180572510
f 7/45/7 4/23/4 6/11/6
f 23/40/23 26/2/26 18/28/18
f 7/17/7 21/39/21 8/38/8
f 19/34/19 41/41/41 24/33/24
vt 0.7102317810058594 0.7966238260269165
vt 0.6752053499221802 0.7871164679527283
vt 0.7181843519210815 0.7705666422843933
f 13/46/13 15/47/15 44/48/44
vt 0.6781229376792908 0.8096709251403809
f 15/47/15 13/46/13 16/49/16
f 7/17/7 8/38/8 3/18/3
vt 0.2499090582132339 0.4910258948802948
f 27/7/27 20/50/20 31/6/31
vt 0.4599151313304901 0.7888330817222595
f 3/18/3 8/38/8 39/51/39
vt 0.2660530209541321 0.6113228797912598
f 11/13/11 3/12/3 25/52/25
vt 0.7428084611892700 0.8113970160484314
vt 0.7896504402160645 0.8112896680831909
vt 0.7729339599609375 0.8303487300872803
f 44/53/44 15/54/15 64/55/64
vt 0.5786380171775818 0.2149220407009125
f 22/21/22 14/26/14 28/56/28
vt 0.3100023567676544 0.3023113012313843
f 1/16/1 5/29/5 34/57/34
vt 0.5692238211631775 0.1996011584997177
f 14/26/14 49/58/49 28/56/28
vt 0.6435129046440125 0.8173243999481201
f 15/47/15 16/49/16 48/59/48
vt 0.4067137539386749 0.2993127703666687
f 10/42/10 54/60/54 24/33/24
vt 0.7058023810386658 0.8254188895225525
f 13/46/13 47/61/47 16/49/16
vt 0.5209845900535583 0.2173938602209091
vt 0.5403692126274109 0.2033631354570389
f 2/25/2 50/62/50 36/63/36
vt 0.4683553278446198 0.7528232932090759
f 1/37/1 59/64/59 8/38/8
f 17/20/17 50/62/50 2/25/2
vt 0.2351443469524384 0.4729658663272858
f 27/7/27 29/65/29 20/50/20
vt 0.2720060944557190 0.5030072927474976
f 31/6/31 20/50/20 66/66/66
vt 0.3513784706592560 0.2924562692642212
f 5/29/5 36/31/36 50/67/50
vt 0.5950317978858948 0.2447396665811539
f 22/21/22 32/68/32 35/22/35
vt 0.4038405418395996 0.7769541144371033
f 21/39/21 7/17/7 38/69/38
vt 0.6617095470428467 0.8307842016220093
f 16/49/16 45/70/45 48/59/48
vt 0.3314996063709259 0.5881395936012268
f 6/11/6 23/32/23 60/71/60
vt 0.2660757005214691 0.5841496586799622
vt 0.2783799767494202 0.5740617513656616
f 11/13/11 61/72/61 26/73/26
vt 0.3245133757591248 0.6378951072692871
f 6/11/6 33/74/33 7/45/7
vt 0.8171907663345337 0.8309803009033203
f 15/54/15 48/75/48 64/55/64
f 22/21/22 28/56/28 32/68/32
vt 0.2999437153339386 0.2861972153186798
f 34/57/34 59/76/59 1/16/1
vt 0.4443619251251221 0.3048768937587738
vt 0.4595931470394135 0.3036426603794098
f 18/77/18 41/41/41 40/78/40
vt 0.3391568362712860 0.6152610778808594
f 6/11/6 37/79/37 33/74/33
f 11/13/11 25/52/25 61/72/61
vt 0.6570227742195129 0.9708666205406189
vt 0.6771655678749084 0.9697071909904480
vt 0.6606497764587402 0.9898821115493774
f 35/80/35 52/81/52 27/82/27
vt 0.3443837761878967 0.6772844195365906
f 23/40/23 18/28/18 70/83/70
f 6/11/6 60/71/60 37/79/37
vt 0.2747726440429688 0.6558377742767334
f 3/12/3 39/84/39 25/52/25
vt 0.5285094380378723 0.2727379202842712
f 30/24/30 46/85/46 17/20/17
vt 0.4088516533374786 0.8022691011428833
f 38/69/38 7/17/7 33/86/33
vt 0.3298288881778717 0.3042620122432709
f 34/57/34 5/29/5 81/87/81
vt 0.3797949552536011 0.2427363842725754
f 13/10/13 42/9/42 68/88/68
vt 0.3464722931385040 0.7538683414459229
f 26/2/26 53/89/53 10/27/10
f 8/38/8 59/64/59 39/51/39
vt 0.3955426514148712 0.7457501292228699
f 21/39/21 38/69/38 77/90/77
vt 0.3591518402099609 0.6688119769096375
f 23/40/23 70/83/70 60/91/60
vt 0.2643994092941284 0.5460419058799744
f 30/4/30 31/6/31 46/92/46
f 5/29/5 50/67/50 81/87/81
vt 0.6862522959709167 0.9957649707794189
f 27/82/27 52/81/52 29/93/29
vt 0.3044655621051788 0.6836126446723938
vt 0.3239941596984863 0.6682177782058716
f 18/28/18 40/94/40 75/95/75
f 16/49/16 47/61/47 45/70/45
vt 0.2981384694576263 0.2244856953620911
f 12/15/12 21/14/21 43/96/43
vt 0.7453226447105408 0.8267589211463928
f 13/46/13 68/97/68 47/61/47
vt 0.5924668312072754 0.2143119871616364
f 32/68/32 28/56/28 63/98/63
f 18/28/18 75/95/75 70/83/70
vt 0.3597342967987061 0.7477121949195862
f 26/2/26 61/99/61 53/89/53
vt 0.6626768708229065 0.9628823399543762
f 52/81/52 35/80/35 56/100/56
vt 0.4024966657161713 0.7342258095741272
f 21/39/21 77/90/77 43/101/43
vt 0.3821674287319183 0.2623783648014069
f 42/9/42 24/33/24 97/102/97
vt 0.3566879630088806 0.2310008257627487
vt 0.3498589694499969 0.2163270413875580
f 28/103/28 49/30/49 63/104/63
vt 0.3437943756580353 0.6313942074775696
f 33/74/33 37/79/37 65/105/65
vt 0.3903380334377289 0.8125045299530029
f 33/86/33 65/106/65 38/69/38
vt 0.3843026161193848 0.2881749868392944
f 54/60/54 62/107/62 24/33/24
f 42/9/42 97/102/97 68/88/68
vt 0.8006928563117981 0.8440406918525696
f 64/55/64 48/75/48 57/108/57
vt 0.4746254980564117 0.2743939459323883
f 19/34/19 82/109/82 41/41/41
vt 0.6999424695968628 0.9844048619270325
f 29/93/29 52/81/52 51/110/51
vt 0.2552601397037506 0.6376935839653015
f 39/84/39 73/111/73 25/52/25
vt 0.2646116614341736 0.4641277194023132
f 20/50/20 29/65/29 51/112/51
vt 0.3248699009418488 0.2121805846691132
f 49/30/49 12/15/12 67/113/67
vt 0.3028991222381592 0.6682819724082947
f 40/94/40 55/114/55 75/95/75
vt 0.2760983407497406 0.4846253991127014
f 66/66/66 20/50/20 58/115/58
vt 0.5897796154022217 0.2801763415336609
f 35/22/35 32/68/32 56/116/56
vt 0.3866495192050934 0.7373204231262207
f 77/90/77 83/117/83 43/101/43
f 49/30/49 67/113/67 63/104/63
vt 0.4702348113059998 0.2899167537689209
f 41/41/41 82/109/82 55/118/55
vt 0.3155742585659027 0.7551909089088440
f 10/27/10 53/89/53 54/119/54
vt 0.4774400293827057 0.2377898395061493
f 44/8/44 69/120/69 19/34/19
vt 0.6759895682334900 0.9561669826507568
f 52/81/52 56/100/56 111/121/111
vt 0.4786183238029480 0.7928895950317383
f 39/51/39 59/64/59 73/122/73
f 20/50/20 51/112/51 58/115/58
vt 0.5124722719192505 0.2703741490840912
f 46/85/46 74/123/74 17/20/17
vt 0.4656990766525269 0.2317274510860443
f 44/8/44 71/124/71 69/120/69
f 41/41/41 55/118/55 40/78/40
vt 0.2818424701690674 0.5300813317298889
f 31/6/31 105/125/105 46/92/46
vt 0.7546539306640625 0.8505634665489197
f 64/55/64 71/126/71 44/53/44
vt 0.4791025221347809 0.2582982778549194
f 82/109/82 19/34/19 101/127/101
f 31/6/31 66/66/66 105/125/105
vt 0.5063614845275879 0.2449111044406891
f 17/20/17 78/128/78 50/62/50
vt 0.6058549880981445 0.2242396920919418
f 63/98/63 80/129/80 32/68/32
f 24/33/24 62/107/62 97/102/97
vt 0.3019060790538788 0.2099259495735168
f 12/15/12 83/130/83 67/113/67
f 12/15/12 43/96/43 83/130/83
vt 0.3525975942611694 0.3118621706962585
f 50/67/50 85/131/85 81/87/81
vt 0.7837007045745850 0.8510484099388123
f 64/55/64 57/108/57 108/132/108
vt 0.2327525615692139 0.6108547449111938
f 25/52/25 117/133/117 61/72/61
vt 0.6086607575416565 0.2649408280849457
f 32/68/32 111/134/111 56/116/56
vt 0.3499141037464142 0.5914459824562073
f 60/71/60 88/135/88 37/79/37
vt 0.2500052452087402 0.5780988931655884
vt 0.2450831085443497 0.5882498025894165
f 53/136/53 61/72/61 98/137/98
vt 0.2934310734272003 0.7546107769012451
vt 0.3037562966346741 0.7675061821937561
f 62/138/62 54/119/54 91/139/91
vt 0.2800311148166656 0.5515920519828796
f 46/92/46 105/125/105 74/140/74
vt 0.3857074081897736 0.7611605525016785
f 77/90/77 38/69/38 89/141/89
vt 0.4878906011581421 0.7659146785736084
f 59/64/59 99/142/99 73/122/73
vt 0.3387302160263062 0.2061001956462860
f 67/113/67 72/143/72 63/104/63
vt 0.6174149513244629 0.2094073593616486
f 63/98/63 109/144/109 80/129/80
f 19/34/19 69/120/69 101/127/101
vt 0.3803759813308716 0.7731680274009705
f 38/69/38 93/145/93 89/141/89
f 98/137/98 61/72/61 117/133/117
vt 0.2445940971374512 0.6293265819549561
f 73/111/73 96/146/96 25/52/25
f 25/52/25 96/146/96 117/133/117
vt 0.6795362830162048 0.8489194512367249
f 47/61/47 149/147/149 45/70/45
vt 0.3826757669448853 0.7910265326499939
f 38/69/38 106/148/106 93/145/93
vt 0.7130121588706970 0.8424563407897949
vt 0.6966342926025391 0.8461617231369019
f 128/149/128 84/150/84 47/61/47
vt 0.4910059571266174 0.7482821941375732
f 59/64/59 87/151/87 99/142/99
vt 0.4870905578136444 0.7379186153411865
f 59/64/59 34/152/34 87/151/87
f 17/20/17 74/123/74 78/128/78
f 47/61/47 84/150/84 149/147/149
vt 0.3803139030933380 0.8087332248687744
f 38/69/38 65/153/65 106/148/106
vt 0.3516254127025604 0.5738196969032288
f 60/71/60 86/154/86 88/135/88
vt 0.4805033504962921 0.2927183806896210
f 55/118/55 82/109/82 102/155/102
vt 0.7334660291671753 0.8417628407478333
f 47/61/47 68/97/68 76/156/76
vt 0.4921085238456726 0.2196287363767624
f 50/62/50 78/128/78 85/157/85
vt 0.3689417243003845 0.5695941448211670
vt 0.3768145143985748 0.5484910011291504
vt 0.3974705934524536 0.5796553492546082
f 48/158/48 45/159/45 79/160/79
vt 0.5004251003265381 0.2688141763210297
f 74/123/74 92/161/92 78/128/78
vt 0.3094674944877625 0.6459497213363647
f 75/95/75 55/114/55 102/162/102
vt 0.2953448891639709 0.5414832830429077
f 74/140/74 105/125/105 103/163/103
vt 0.5838813781738281 0.4099863767623901
vt 0.6124652624130249 0.3987759053707123
vt 0.5874446034431458 0.4251917302608490
f 58/164/58 51/165/51 100/166/100
f 76/156/76 128/149/128 47/61/47
vt 0.3436537683010101 0.6574005484580994
f 70/83/70 86/167/86 60/91/60
vt 0.3891052901744843 0.5506673455238342
f 45/159/45 149/168/149 79/160/79
f 70/83/70 75/95/75 86/167/86
vt 0.4920314252376556 0.7942854762077332
f 73/122/73 99/142/99 96/169/96
vt 0.3925313949584961 0.5258910655975342
vt 0.3937321603298187 0.5396851897239685
f 149/168/149 84/170/84 127/171/127
f 64/55/64 108/132/108 71/126/71
vt 0.3736355006694794 0.5855374336242676
f 48/158/48 79/160/79 57/172/57
f 77/90/77 89/141/89 83/117/83
vt 0.6380667090415955 0.4043694734573364
vt 0.6454887390136719 0.4277331829071045
f 52/173/52 95/174/95 51/165/51
vt 0.6514589786529541 0.4019509255886078
f 52/173/52 111/175/111 95/174/95
vt 0.6147050261497498 0.4369902014732361
f 51/165/51 95/174/95 94/176/94
vt 0.0828464180231094 0.8965577483177185
vt 0.1073194444179535 0.9029684662818909
vt 0.0908262431621552 0.9123312234878540
f 82/177/82 131/178/131 102/179/102
vt 0.3779912292957306 0.6013128161430359
vt 0.3838708400726318 0.6163824796676636
vt 0.3758181631565094 0.6350759267807007
f 108/180/108 116/181/116 71/182/71
vt 0.0794904530048370 0.8936846256256104
vt 0.0710951983928680 0.9115690588951111
vt 0.0567926205694675 0.8786675930023193
f 53/183/53 98/184/98 125/185/125
vt 0.0794517248868942 0.8915188312530518
vt 0.0870930626988411 0.8770616650581360
f 53/186/53 125/185/125 54/187/54
vt 0.0656729936599731 0.8479192852973938
f 54/187/54 125/185/125 91/188/91
vt 0.6767527461051941 0.4251598119735718
f 112/189/112 95/174/95 111/175/111
vt 0.1000327616930008 0.8753501176834106
f 82/177/82 101/190/101 131/178/131
vt 0.5674865841865540 0.3968236446380615
f 58/164/58 100/166/100 66/191/66
vt 0.0549814812839031 0.4498313367366791
vt 0.0336307771503925 0.4628982841968536
vt 0.0492531843483448 0.4310883283615112
f 63/192/63 132/193/132 109/194/109
f 51/165/51 94/176/94 100/166/100
vt 0.0435127764940262 0.7458032369613647
vt 0.0288543757051229 0.7350679039955139
vt 0.0416417978703976 0.7163622379302979
f 37/195/37 114/196/114 65/197/65
vt 0.0644858777523041 0.4957437217235565
vt 0.0347025655210018 0.4957171380519867
vt 0.0532197877764702 0.4766587615013123
f 83/198/83 120/199/120 67/200/67
vt 0.4632015824317932 0.0461457930505276
vt 0.4848455786705017 0.0515238344669342
vt 0.4762495756149292 0.0677343234419823
f 86/201/86 75/202/75 90/203/90
f 57/172/57 79/160/79 108/180/108
vt 0.5323784947395325 0.4244883358478546
vt 0.5281487107276917 0.4411513805389404
vt 0.5187874436378479 0.4218651652336121
f 103/204/103 92/205/92 74/206/74
vt 0.2510178983211517 0.9333330392837524
vt 0.2334842979907990 0.9203317165374756
vt 0.2532700002193451 0.9031498432159424
f 68/207/68 97/208/97 110/209/110
vt 0.5524323582649231 0.4230879545211792
f 105/210/105 66/191/66 100/166/100
vt 0.9108945131301880 0.4498319029808044
vt 0.9188825488090515 0.4355534911155701
vt 0.9166393876075745 0.4609859585762024
f 89/211/89 93/212/93 83/213/83
vt 0.1788270473480225 0.4569949507713318
vt 0.1991565674543381 0.4707505404949188
vt 0.1835774928331375 0.4885150790214539
f 81/214/81 143/215/143 34/216/34
vt 0.2170565575361252 0.9346241950988770
vt 0.1991594284772873 0.9170339703559875
vt 0.2302646934986115 0.9068667292594910
f 62/217/62 91/218/91 107/219/107
f 97/208/97 62/217/62 107/219/107
vt 0.2600719332695007 0.9169040918350220
f 68/207/68 110/209/110 76/220/76
vt 0.0519837066531181 0.4597030282020569
f 63/192/63 72/221/72 132/193/132
vt 0.9302032589912415 0.3161082267761230
vt 0.9404877424240112 0.3451588749885559
vt 0.9187336564064026 0.3406543433666229
f 92/222/92 134/223/134 78/224/78
f 72/221/72 67/200/67 132/193/132
vt 0.4587978422641754 0.0747963339090347
vt 0.4484331011772156 0.0510633848607540
f 90/203/90 178/225/178 86/226/86
vt 0.7898202538490295 0.1239642649888992
vt 0.7619568705558777 0.1249957978725433
vt 0.7846408486366272 0.1051358953118324
f 99/227/99 87/228/87 129/229/129
vt 0.7171171307563782 0.0468711629509926
vt 0.7275076508522034 0.0605273321270943
vt 0.7012261748313904 0.0515365377068520
f 80/230/80 109/231/109 32/232/32
f 97/208/97 107/219/107 110/209/110
vt 0.2112587392330170 0.8938357830047607
f 91/218/91 123/233/123 107/219/107
vt 0.0420778393745422 0.5089896321296692
f 83/198/83 104/234/104 120/199/120
vt 0.0184028521180153 0.7854704260826111
vt 0.0375243574380875 0.7665892839431763
vt 0.0430747643113136 0.7757226228713989
f 178/235/178 88/236/88 86/237/86
vt 0.5556961297988892 0.4445537626743317
f 103/204/103 105/210/105 121/238/121
f 67/200/67 120/199/120 132/193/132
vt 0.0977064594626427 0.6989344954490662
vt 0.1232615858316422 0.7023474574089050
vt 0.1160168424248695 0.7115269899368286
f 84/239/84 122/240/122 127/241/127
vt 0.1856500804424286 0.4400246739387512
f 81/214/81 85/242/85 143/215/143
f 103/204/103 121/238/121 92/205/92
vt 0.1084451079368591 0.6794770956039429
f 84/239/84 128/243/128 122/240/122
vt 0.9172331094741821 0.6242723464965820
vt 0.9292868375778198 0.6055886149406433
vt 0.9457079172134399 0.6169183850288391
f 98/244/98 117/245/117 124/246/124
vt 0.0170661825686693 0.7631169557571411
f 88/236/88 118/247/118 37/195/37
f 37/195/37 118/247/118 114/196/114
vt 0.9385983347892761 0.4527076184749603
f 93/212/93 104/248/104 83/213/83
vt 0.9181973934173584 0.3622168898582458
f 85/249/85 78/224/78 134/223/134
vt 0.0218564569950104 0.7172706127166748
f 65/197/65 114/196/114 130/250/130
vt 0.5913931727409363 0.4454240798950195
f 100/166/100 94/176/94 133/251/133
vt 0.0995908603072166 0.6645523905754089
vt 0.1164675652980804 0.6613362431526184
f 128/243/128 76/252/76 110/253/110
vt 0.9160926938056946 0.3924292623996735
vt 0.9405245184898376 0.4079099893569946
vt 0.9223708510398865 0.4150524139404297
f 65/254/65 130/255/130 106/256/106
vt 0.6981010437011719 0.0747445225715637
vt 0.6789859533309937 0.0562782101333141
f 32/232/32 167/257/167 111/258/111
vt 0.5079141855239868 0.0530384406447411
f 75/202/75 102/259/102 90/203/90
vt 0.3948809504508972 0.6415836811065674
vt 0.3644051253795624 0.6551111340522766
f 71/182/71 119/260/119 69/261/69
vt 0.0561061352491379 0.9153017401695251
f 125/185/125 98/184/98 124/262/124
f 105/210/105 100/166/100 121/238/121
vt 0.6690070629119873 0.4451809227466583
f 95/174/95 112/189/112 138/263/138
vt 0.2091965973377228 0.4527277946472168
f 85/242/85 144/264/144 143/215/143
f 32/232/32 109/231/109 167/257/167
f 178/235/178 118/247/118 88/236/88
vt 0.9228315949440002 0.5736414194107056
vt 0.9455304145812988 0.5793213844299316
f 96/265/96 159/266/159 117/245/117
vt 0.4064874053001404 0.6044187545776367
f 79/160/79 140/267/140 108/180/108
vt 0.7488117814064026 0.1214165017008781
vt 0.7517098784446716 0.1005407199263573
f 34/268/34 135/269/135 87/228/87
vt 0.6590766906738281 0.0519710965454578
vt 0.6687899231910706 0.0741796270012856
f 112/270/112 111/258/111 145/271/145
vt 0.9438389539718628 0.4340290725231171
f 106/256/106 113/272/113 93/212/93
vt 0.5298321843147278 0.0666260197758675
vt 0.5085673928260803 0.0801305919885635
f 102/259/102 131/273/131 137/274/137
vt 0.0921160429716110 0.8536331653594971
vt 0.1139392703771591 0.8549855947494507
f 69/275/69 119/276/119 101/190/101
vt 0.9356611371040344 0.3717769384384155
f 85/249/85 134/223/134 141/277/141
f 87/228/87 135/269/135 129/229/129
f 108/180/108 140/267/140 116/181/116
f 104/248/104 93/212/93 113/272/113
vt 0.0198314636945724 0.4423819780349731
f 109/194/109 132/193/132 185/278/185
vt 0.5740849971771240 0.4505753219127655
f 121/238/121 100/166/100 126/279/126
vt 0.6950523257255554 0.4618822932243347
f 112/189/112 145/280/145 138/263/138
vt 0.2107895016670227 0.4954867064952850
f 34/216/34 143/215/143 135/281/135
f 106/256/106 130/255/130 113/272/113
vt 0.0535111911594868 0.8498440980911255
vt 0.0370350927114487 0.8558888435363770
f 91/282/91 125/185/125 142/283/142
vt 0.1888292729854584 0.8852837085723877
f 91/218/91 142/284/142 123/233/123
vt 0.8199635744094849 0.1236934214830399
f 99/227/99 129/229/129 96/285/96
f 90/203/90 102/259/102 137/274/137
vt 0.0408042110502720 0.9126855731010437
f 124/262/124 157/286/157 125/185/125
f 100/166/100 133/251/133 126/279/126
f 116/181/116 119/260/119 71/182/71
vt 0.6578449010848999 0.4507229328155518
f 95/174/95 138/263/138 146/287/146
vt 0.6402583718299866 0.4480723738670349
f 115/288/115 94/176/94 95/174/95
vt -0.0043295477516949 0.7208934426307678
f 130/250/130 114/196/114 154/289/154
vt 0.1360775679349899 0.6894730925559998
f 122/240/122 128/243/128 147/290/147
vt 0.0083911195397377 0.7443325519561768
f 114/196/114 118/247/118 148/291/148
vt 0.2102567851543427 0.4380363523960114
f 85/242/85 141/292/141 144/264/144
vt 0.0383446998894215 0.8968648314476013
f 125/185/125 157/286/157 151/293/151
vt 0.1426236331462860 0.6648610234260559
f 128/243/128 110/253/110 156/294/156
vt 0.1340639889240265 0.8828860521316528
f 101/190/101 137/295/137 131/178/131
vt 0.5437670946121216 0.4552726745605469
f 121/238/121 182/296/182 92/205/92
vt 0.0373244471848011 0.8817800879478455
f 125/185/125 151/293/151 175/297/175
vt 0.9442352056503296 0.5652809143066406
vt 0.9462619423866272 0.5783035755157471
f 96/265/96 129/298/129 159/299/159
vt 0.7663366198539734 0.0800877064466476
f 135/269/135 176/300/176 129/229/129
f 145/271/145 111/258/111 167/257/167
vt 0.9499416351318359 0.4245338737964630
f 130/255/130 136/301/136 113/272/113
vt 0.0164810232818127 0.4880472719669342
f 120/199/120 161/302/161 132/193/132
vt 0.1211440935730934 0.7268514037132263
f 149/303/149 127/241/127 122/240/122
vt 0.2504039406776428 0.8780583143234253
f 107/219/107 156/304/156 110/209/110
f 128/243/128 156/294/156 147/290/147
vt 0.2170791029930115 0.4824777841567993
f 135/281/135 143/215/143 176/305/176
f 117/245/117 159/266/159 124/246/124
vt 0.9535567164421082 0.3769744634628296
f 141/277/141 134/223/134 163/306/163
vt 0.2309090346097946 0.8853477835655212
f 107/219/107 123/233/123 153/307/153
vt 0.1354580223560333 0.8573156595230103
f 101/190/101 119/276/119 150/308/150
f 95/174/95 146/287/146 115/288/115
vt 0.4831024706363678 0.0928963720798492
f 90/203/90 137/274/137 162/309/162
f 116/181/116 140/267/140 119/260/119
vt 0.7386415600776672 0.0800525471568108
vt 0.7213549613952637 0.0861801505088806
f 185/310/185 173/311/173 109/231/109
f 101/190/101 150/308/150 137/295/137
f 107/219/107 153/307/153 156/304/156
f 167/257/167 109/231/109 173/311/173
vt 0.6743549108505249 0.2739952504634857
vt 0.6736199259757996 0.2924783825874329
vt 0.6628592014312744 0.2778621315956116
f 133/312/133 155/313/155 126/314/126
f 114/196/114 148/291/148 154/289/154
vt 0.9598206877708435 0.3312632143497467
f 134/223/134 92/222/92 165/315/165
vt 0.9620540142059326 0.3960560262203217
f 136/301/136 130/255/130 154/316/154
vt 0.5221714377403259 0.4549456536769867
f 92/205/92 182/296/182 170/317/170
vt 0.0042248405516148 0.4641693532466888
f 132/193/132 161/302/161 160/318/160
f 132/193/132 160/318/160 185/278/185
vt 0.7985506057739258 0.0930141136050224
vt 0.8103456497192383 0.0934328362345695
f 129/229/129 139/319/139 159/320/159
f 125/185/125 175/297/175 142/283/142
f 90/203/90 162/309/162 178/225/178
vt 0.6800630688667297 0.2664098441600800
vt 0.7049151062965393 0.2851346731185913
vt 0.6978613734245300 0.2985828518867493
f 133/321/133 94/322/94 158/323/158
vt 0.5009947419166565 0.0910662561655045
f 162/309/162 137/274/137 164/324/164
f 143/215/143 144/264/144 176/305/176
vt 0.8790165185928345 0.0979969203472137
vt 0.8720690608024597 0.0743443369865417
vt 0.8896808028221130 0.0791630819439888
f 176/325/176 187/326/187 129/327/129
vt 0.7578542232513428 0.2765204906463623
vt 0.7636080980300903 0.3009791672229767
vt 0.7486655116081238 0.2884421944618225
f 138/328/138 145/329/145 146/330/146
vt 0.7448532581329346 0.1747154742479324
vt 0.7146688103675842 0.1665696054697037
vt 0.7319815158843994 0.1577209085226059
f 157/331/157 124/332/124 174/333/174
vt 0.2176895737648010 0.1122567579150200
vt 0.2176041305065155 0.0969133749604225
vt 0.2372736185789108 0.1150480434298515
f 144/334/144 141/335/141 192/336/192
vt 0.0285921897739172 0.0235434938222170
vt 0.0260453242808580 0.0118485782295465
vt 0.0462341718375683 0.0169858690351248
f 123/337/123 142/338/142 152/339/152
vt 0.1025607213377953 0.8358148932456970
vt 0.0857594162225723 0.8364210128784180
vt 0.0901772901415825 0.8204560279846191
f 92/340/92 170/341/170 165/342/165
vt 0.8825007677078247 0.0673272237181664
f 129/327/129 187/326/187 139/343/139
vt 0.2260217666625977 0.1317861676216125
f 176/344/176 144/334/144 192/336/192
vt 0.8558770418167114 0.5405164361000061
vt 0.8644974231719971 0.5302755832672119
vt 0.8695892691612244 0.5412717461585999
f 154/345/154 169/346/169 136/347/136
vt 0.6487101316452026 0.2889659106731415
f 126/314/126 155/313/155 121/348/121
vt 0.9061020612716675 0.2020402401685715
vt 0.9270423650741577 0.2234703898429871
vt 0.9062283635139465 0.2210925370454788
f 142/349/142 175/350/175 152/351/152
f 133/321/133 158/323/158 155/313/155
vt 0.4069779217243195 0.6182906031608582
vt 0.4471916854381561 0.6322106719017029
vt 0.4256303310394287 0.6394525766372681
f 79/352/79 171/353/171 140/354/140
vt 0.0313428528606892 0.0343507863581181
vt 0.0471180006861687 0.0452992543578148
vt 0.0284720659255981 0.0532899647951126
f 153/355/153 168/356/168 156/357/156
vt 0.4312390685081482 0.6030153632164001
f 79/352/79 149/358/149 171/353/171
vt 0.4336887896060944 0.5874353647232056
vt 0.4449409544467926 0.5647029280662537
vt 0.4602911770343781 0.5802163481712341
f 122/359/122 147/360/147 172/361/172
vt 0.8816156983375549 0.5417444109916687
f 136/347/136 169/346/169 113/362/113
vt 0.2225912064313889 0.0891541838645935
f 192/336/192 141/335/141 163/363/163
f 149/358/149 122/359/122 172/361/172
vt 0.2575120329856873 0.0498295240104198
vt 0.2359490096569061 0.0552678331732750
vt 0.2424644976854324 0.0342371091246605
f 137/364/137 201/365/201 164/366/164
vt 0.7277191877365112 0.2810994982719421
vt 0.7226087450981140 0.3070403337478638
f 115/367/115 146/330/146 195/368/195
vt 0.1057037040591240 0.8031524419784546
vt 0.0766194313764572 0.8011844158172607
vt 0.0908461883664131 0.7888171076774597
f 134/369/134 181/370/181 163/371/163
f 115/367/115 195/368/195 94/322/94
vt 0.4347842633724213 0.6657345890998840
vt 0.4117780923843384 0.6695398092269897
f 140/354/140 166/372/166 119/373/119
f 165/342/165 181/370/181 134/369/134
vt 0.8878259062767029 0.5241667032241821
f 113/362/113 169/346/169 104/374/104
vt 0.6761856079101562 0.3088468611240387
f 155/313/155 158/323/158 196/375/196
vt 0.6953789591789246 0.1627191156148911
vt 0.7111588120460510 0.1389911621809006
f 124/332/124 159/376/159 179/377/179
vt 0.4111354053020477 0.7006416320800781
vt 0.4339908659458160 0.6918362379074097
f 150/378/150 119/373/119 193/379/193
f 124/332/124 179/377/179 174/333/174
vt 0.9433493614196777 0.2137663215398788
vt 0.9516743421554565 0.2072420865297318
vt 0.9530211091041565 0.2281480282545090
f 151/380/151 157/381/157 174/382/174
vt 0.8880010247230530 0.8352678418159485
vt 0.9075130820274353 0.8338583111763000
vt 0.8979446291923523 0.8546626567840576
f 145/383/145 167/384/167 190/385/190
f 123/337/123 152/339/152 153/355/153
vt 0.2521512508392334 0.0764728933572769
f 137/364/137 150/386/150 201/365/201
vt 0.4538791179656982 0.6092421412467957
f 149/358/149 172/361/172 189/387/189
vt 0.9241091609001160 0.8373997807502747
f 173/388/173 190/385/190 167/384/167
f 119/373/119 166/372/166 193/379/193
vt 0.8567305207252502 0.1809276044368744
vt 0.8367522358894348 0.1852677762508392
vt 0.8383268117904663 0.1560928523540497
f 160/389/160 161/390/161 222/391/222
vt 0.1676328331232071 0.3374289572238922
vt 0.1869093626737595 0.3258006572723389
vt 0.1865617781877518 0.3425483405590057
f 148/392/148 191/393/191 154/394/154
vt 0.2406249195337296 0.0942510291934013
f 192/336/192 163/363/163 181/395/181
vt 0.6860393881797791 0.1613377928733826
vt 0.6877938508987427 0.1484368294477463
f 139/396/139 187/397/187 159/376/159
f 94/322/94 195/368/195 158/323/158
vt 0.8237279057502747 0.1870340108871460
vt 0.8222737312316895 0.1680149883031845
f 161/390/161 120/398/120 186/399/186
vt 0.4526087641716003 0.5421663522720337
vt 0.4738053381443024 0.5502496361732483
f 156/400/156 199/401/199 147/360/147
f 149/358/149 189/387/189 171/353/171
vt 0.1488282233476639 0.3415353298187256
vt 0.1505401730537415 0.3164943456649780
f 118/402/118 205/403/205 148/392/148
vt 0.0501395314931870 0.0695690885186195
f 156/357/156 168/356/168 199/404/199
vt 0.8521057963371277 0.5201004147529602
f 169/346/169 154/345/154 191/405/191
vt 0.8540239334106445 0.1007881611585617
f 176/325/176 219/406/219 187/326/187
vt 0.6509466767311096 0.3228508234024048
f 121/348/121 155/313/155 204/407/204
vt 0.9086754918098450 0.5374239683151245
vt 0.9080412983894348 0.5180709958076477
f 120/408/120 104/374/104 186/409/186
f 153/355/153 152/339/152 168/356/168
vt 0.8845506310462952 0.8508256673812866
f 231/410/231 145/383/145 190/385/190
vt 0.6128343939781189 0.2889139056205750
vt 0.6302690505981445 0.2966554164886475
vt 0.6034851074218750 0.3227121829986572
f 170/411/170 182/412/182 180/413/180
f 182/412/182 121/348/121 204/407/204
vt 0.0239588934928179 0.4188570082187653
vt 0.0350263938307762 0.3958714306354523
vt 0.0434441454708576 0.4164786636829376
f 164/414/164 188/415/188 162/416/162
f 161/390/161 186/399/186 222/391/222
vt 0.7412009239196777 0.3119827508926392
f 146/330/146 145/329/145 215/417/215
vt 0.6333975195884705 0.3124380707740784
f 182/412/182 204/407/204 177/418/177
f 199/401/199 172/361/172 147/360/147
f 146/330/146 215/417/215 195/368/195
vt 0.0621319338679314 0.4192355871200562
vt 0.0599125772714615 0.3954254984855652
f 178/419/178 162/416/162 205/420/205
vt 0.1350115090608597 0.3369203507900238
f 118/402/118 178/421/178 205/403/205
vt 0.9399123787879944 0.8388585448265076
vt 0.9241098165512085 0.8651917576789856
f 173/388/173 185/422/185 194/423/194
f 190/385/190 173/388/173 194/423/194
vt 0.4659732878208160 0.5961449146270752
f 172/361/172 209/424/209 189/387/189
vt 0.7028375267982483 0.3142525255680084
f 158/323/158 195/368/195 183/425/183
f 151/380/151 174/382/174 175/350/175
vt 0.0600110925734043 0.8220409750938416
f 165/342/165 218/426/218 181/370/181
vt 0.6876120567321777 0.3153931200504303
f 158/323/158 226/427/226 196/375/196
vt 0.1700331121683121 0.3082541823387146
f 205/403/205 184/428/184 148/392/148
f 159/376/159 187/397/187 179/377/179
vt 0.8659383058547974 0.1563585251569748
vt 0.8700083494186401 0.1829621195793152
f 160/389/160 203/429/203 185/430/185
vt 0.0161626003682613 0.4015865325927734
f 164/414/164 198/431/198 188/415/188
vt 0.2527093291282654 0.1462030708789825
f 176/344/176 192/336/192 219/432/219
vt 0.4594573080539703 0.6234705448150635
f 189/387/189 207/433/207 171/353/171
vt 0.7022017836570740 0.3144001960754395
f 183/434/183 226/427/226 158/323/158
f 196/375/196 204/407/204 155/313/155
f 140/354/140 171/353/171 166/372/166
vt 0.2311211228370667 0.0828154608607292
f 150/386/150 193/435/193 201/365/201
vt 0.7358182668685913 0.1352069377899170
f 179/377/179 200/436/200 174/333/174
vt 0.9090398550033569 0.2382654696702957
f 175/350/175 206/437/206 152/351/152
f 165/342/165 170/341/170 218/426/218
vt 0.9331649541854858 0.8599158525466919
f 185/422/185 203/438/203 194/423/194
vt 0.0646532550454140 0.8429275155067444
f 170/341/170 180/439/180 218/426/218
f 148/392/148 184/428/184 191/393/191
vt 0.8717207312583923 0.5009679198265076
f 169/346/169 191/405/191 197/440/197
f 104/374/104 169/346/169 197/440/197
vt 0.9064489006996155 0.8772220611572266
f 190/385/190 194/423/194 208/441/208
f 162/416/162 188/415/188 205/420/205
vt 0.4672288596630096 0.6069018840789795
f 209/424/209 227/442/227 189/387/189
vt 0.8345003724098206 0.0869908630847931
vt 0.8532801866531372 0.0671047195792198
f 187/326/187 240/443/240 214/444/214
vt 0.2184567600488663 0.0721564367413521
f 201/365/201 193/435/193 202/445/202
vt 0.6869361996650696 0.1387097537517548
f 179/377/179 187/397/187 214/446/214
f 180/413/180 182/412/182 177/418/177
f 187/326/187 219/406/219 240/443/240
vt 0.9454871416091919 0.2485218942165375
f 175/350/175 174/382/174 200/447/200
vt 0.0263161379843950 0.3786317408084869
f 198/431/198 241/448/241 188/415/188
vt 0.2319200038909912 0.0308979395776987
f 198/449/198 164/366/164 201/365/201
f 160/389/160 222/391/222 203/429/203
vt 0.1893011629581451 0.3084807395935059
f 191/393/191 184/428/184 211/450/211
vt 0.0709903091192245 0.0569651909172535
f 168/356/168 210/451/210 199/404/199
vt 0.4881396591663361 0.5613364577293396
vt 0.5192416310310364 0.5633420944213867
vt 0.4950518310070038 0.5939822196960449
f 171/452/171 221/453/221 166/454/166
vt 0.2594936788082123 0.0969548746943474
f 181/395/181 212/455/212 192/336/192
vt 0.0757941827178001 0.0176849514245987
f 152/339/152 269/456/269 168/356/168
vt 0.4962096214294434 0.4915936887264252
vt 0.4968516528606415 0.4674262106418610
vt 0.5195704102516174 0.4800577163696289
f 172/457/172 199/458/199 228/459/228
vt 0.4893584251403809 0.5347533822059631
vt 0.5111716985702515 0.5318581461906433
vt 0.4979563355445862 0.5488684773445129
f 189/460/189 227/461/227 207/462/207
vt 0.0505638532340527 0.7954275608062744
f 181/370/181 218/426/218 212/463/212
vt 0.0744093284010887 0.0405624099075794
f 168/356/168 269/456/269 247/464/247
f 168/356/168 247/464/247 210/451/210
vt 0.7505685687065125 0.5064767599105835
vt 0.7545040845870972 0.4921401441097260
vt 0.7789148092269897 0.5068578124046326
f 183/465/183 195/466/195 213/467/213
vt 0.7673908472061157 0.5293881893157959
f 183/465/183 213/467/213 226/468/226
vt 0.5118837952613831 0.6029872894287109
f 166/454/166 221/453/221 224/469/224
vt 0.8947470188140869 0.4987937211990356
f 186/409/186 104/374/104 220/470/220
vt 0.4832828640937805 0.6213309168815613
f 193/471/193 166/454/166 224/469/224
vt 0.0549768283963203 0.3804495334625244
f 188/415/188 225/472/225 205/420/205
vt 0.2178068310022354 0.0211397483944893
f 198/449/198 201/365/201 241/473/241
f 171/452/171 207/462/207 221/453/221
vt 0.7529228925704956 0.5596345663070679
vt 0.7558799386024475 0.5329932570457458
vt 0.7708168029785156 0.5633877515792847
f 204/474/204 196/475/196 217/476/217
vt 0.9221915006637573 0.2537594139575958
f 175/350/175 234/477/234 206/437/206
vt 0.2054744064807892 0.0485239736735821
f 202/445/202 250/478/250 201/365/201
vt 0.7503683567047119 0.4491837024688721
vt 0.7639900445938110 0.4394676387310028
vt 0.7592653036117554 0.4673277735710144
f 145/479/145 231/480/231 215/481/215
vt 0.8570245504379272 0.4995509386062622
f 197/440/197 191/405/191 211/482/211
vt 0.4991236627101898 0.5129826068878174
f 172/457/172 228/459/228 209/483/209
vt 0.7576147913932800 0.5793578624725342
f 204/474/204 217/476/217 177/484/177
vt 0.7826255559921265 0.4775176644325256
f 195/466/195 215/481/215 232/485/232
vt 0.4997875392436981 0.6359549164772034
f 193/471/193 224/469/224 202/486/202
vt 0.2661713957786560 0.1232930347323418
f 192/336/192 233/487/233 219/432/219
f 192/336/192 212/455/212 233/487/233
vt 0.0613574422895908 0.0093290377408266
f 206/488/206 269/456/269 152/339/152
vt 0.5105982422828674 0.4551497101783752
f 199/458/199 210/489/210 228/459/228
vt 0.8140437602996826 0.1499529331922531
f 186/399/186 220/490/220 222/391/222
f 104/374/104 197/440/197 220/470/220
vt 0.6864309310913086 0.1233137026429176
f 214/446/214 229/491/229 179/377/179
vt 0.7614231705665588 0.5964952707290649
f 180/492/180 177/484/177 217/476/217
vt 0.5250452160835266 0.5374549031257629
f 207/462/207 227/461/227 216/493/216
f 175/350/175 200/447/200 234/477/234
vt 0.7192779779434204 0.1148646324872971
f 179/377/179 223/494/223 200/436/200
vt 0.8965660929679871 0.2606644332408905
f 206/437/206 234/477/234 269/495/269
vt 0.8762208223342896 0.8730756640434265
f 190/385/190 208/441/208 231/496/231
f 195/466/195 232/485/232 213/467/213
f 196/475/196 226/468/226 217/476/217
vt 0.7798192501068115 0.4518982768058777
f 231/480/231 248/497/248 215/481/215
vt 0.5251672863960266 0.5021643042564392
f 209/483/209 228/459/228 249/498/249
vt 0.8492090106010437 0.1345964074134827
f 222/391/222 242/499/242 203/429/203
f 207/462/207 216/493/216 221/453/221
vt 0.0380250252783298 0.8073621988296509
f 218/426/218 287/500/287 212/463/212
f 241/473/241 201/365/201 250/478/250
vt 0.8216778635978699 0.1350581049919128
f 222/391/222 220/490/220 238/501/238
f 209/483/209 249/498/249 227/461/227
vt 0.2762853801250458 0.1026726365089417
f 212/455/212 306/502/306 233/487/233
f 188/415/188 241/448/241 225/472/225
vt 0.5265966057777405 0.6358321905136108
f 224/469/224 273/503/273 202/486/202
vt 0.0373253263533115 0.8405393362045288
f 218/426/218 180/439/180 251/504/251
vt 0.8791694641113281 0.1462214589118958
f 194/505/194 203/429/203 242/499/242
vt 0.1988315880298615 0.0655983686447144
f 202/445/202 236/506/236 250/478/250
vt 0.8349260687828064 0.0650759041309357
f 240/443/240 229/507/229 214/444/214
vt 0.0397526845335960 0.8227285146713257
f 230/508/230 287/500/287 218/426/218
vt 0.9246602654457092 0.8903707861900330
f 194/423/194 281/509/281 208/441/208
vt 0.1595632433891296 0.2866925001144409
f 184/428/184 205/403/205 267/510/267
vt 0.7865809202194214 0.5963492989540100
f 180/492/180 217/476/217 251/511/251
vt 0.8614370822906494 0.4849947392940521
f 211/482/211 279/512/279 197/440/197
vt 0.1859137117862701 0.2879543602466583
f 184/428/184 243/513/243 211/450/211
vt 0.9593614339828491 0.2553732097148895
vt 0.9515814185142517 0.2672406136989594
f 223/514/223 268/515/268 200/447/200
vt 0.1459031999111176 0.2954662740230560
f 205/403/205 225/516/225 267/510/267
vt 0.8823606967926025 0.4817377328872681
f 197/440/197 288/517/288 220/470/220
vt 0.7878313660621643 0.4948538839817047
f 213/467/213 232/485/232 237/518/237
f 215/481/215 248/497/248 232/485/232
vt 0.2007554322481155 0.0784526988863945
f 202/445/202 273/519/273 236/506/236
vt 0.6926043629646301 0.1078855022788048
f 229/491/229 239/520/239 179/377/179
vt 0.2802298963069916 0.1312975287437439
f 219/432/219 233/487/233 274/521/274
vt 0.8534411191940308 0.4826622009277344
f 211/482/211 243/522/243 279/512/279
vt 0.8261089920997620 0.1111032292246819
f 219/406/219 274/523/274 240/443/240
vt 0.9122633337974548 0.2676228284835815
f 234/477/234 246/524/246 269/495/269
vt 0.5466495752334595 0.5140705108642578
f 249/498/249 282/525/282 227/461/227
vt 0.0879344344139099 0.0596109665930271
f 210/451/210 247/464/247 264/526/264
vt 0.2796624302864075 0.0895146951079369
f 212/455/212 252/527/252 306/502/306
vt 0.0846275463700294 0.0659666880965233
f 210/451/210 264/526/264 228/528/228
vt 0.1989712864160538 0.0307963695377111
f 241/473/241 250/478/250 244/529/244
vt 0.8707996606826782 0.1282791942358017
f 194/505/194 242/499/242 284/530/284
vt 0.7872769832611084 0.5603466629981995
f 217/476/217 226/468/226 235/531/235
f 179/377/179 239/520/239 223/494/223
vt 0.9327165484428406 0.2702510058879852
f 200/447/200 296/532/296 234/477/234
vt 0.8836691975593567 0.8911580443382263
f 231/496/231 208/441/208 271/533/271
vt 0.0469589680433273 0.3633543848991394
vt 0.0610266663134098 0.3649657070636749
f 225/472/225 263/534/263 245/535/245
f 225/472/225 241/448/241 263/534/263
f 184/428/184 267/510/267 243/513/243
vt 0.8008240461349487 0.4423120617866516
f 248/497/248 231/480/231 271/536/271
vt 0.0891780778765678 0.0342915207147598
f 247/464/247 269/456/269 283/537/283
f 200/447/200 268/515/268 296/532/296
vt 0.7944430112838745 0.5811479091644287
f 251/511/251 217/476/217 277/538/277
vt 0.1444160342216492 0.2822180092334747
f 225/516/225 245/539/245 267/510/267
vt 0.8211314678192139 0.0699197798967361
f 240/443/240 239/540/239 229/507/229
f 218/426/218 251/504/251 230/508/230
vt 0.0346770547330379 0.7877796292304993
f 212/463/212 287/500/287 252/541/252
vt 0.8968267440795898 0.4851033091545105
f 220/470/220 288/517/288 238/542/238
vt 0.5333209633827209 0.5894875526428223
f 224/469/224 221/453/221 253/543/253
vt 0.9026221036911011 0.9014319181442261
f 271/533/271 208/441/208 293/544/293
vt 0.7927981019020081 0.5324060320854187
f 226/468/226 285/545/285 235/531/235
vt 0.9379873275756836 0.8925316929817200
f 284/546/284 281/509/281 194/423/194
vt 0.5327765941619873 0.6051186323165894
f 224/469/224 257/547/257 273/503/273
f 217/476/217 235/531/235 277/538/277
f 224/469/224 253/543/253 257/547/257
vt 0.7947507500648499 0.5495904684066772
f 235/531/235 285/545/285 275/548/275
vt 0.8618355989456177 0.1266053318977356
f 242/499/242 294/549/294 284/530/284
vt 0.2838144302368164 0.1144247502088547
f 306/502/306 266/550/266 233/487/233
f 233/487/233 266/550/266 274/521/274
f 246/524/246 234/477/234 296/532/296
f 227/461/227 282/525/282 216/493/216
f 226/468/226 213/467/213 285/545/285
vt 0.5412426590919495 0.5464753508567810
f 221/453/221 216/493/216 259/551/259
vt 0.7964625954627991 0.5715101957321167
f 235/531/235 275/552/275 277/538/277
vt 0.5415534377098083 0.4859883487224579
f 228/459/228 261/553/261 249/498/249
vt 0.9443902969360352 0.2723866403102875
f 268/515/268 272/554/272 296/532/296
vt 0.0934037417173386 0.0547142066061497
f 264/526/264 247/464/247 254/555/254
f 222/391/222 238/501/238 242/499/242
vt 0.7994496822357178 0.4600535929203033
f 248/497/248 260/556/260 232/485/232
f 208/441/208 281/509/281 293/544/293
f 248/497/248 271/536/271 260/556/260
vt 0.8184769153594971 0.0972297042608261
vt 0.8183472156524658 0.0848910361528397
f 240/443/240 262/557/262 255/558/255
vt 0.0184799097478390 0.3644134402275085
f 241/448/241 244/559/244 263/534/263
vt 0.8225154280662537 0.1117457970976830
f 274/560/274 262/557/262 240/443/240
f 247/464/247 283/537/283 254/555/254
vt 0.7978795170783997 0.5944218039512634
f 251/511/251 277/538/277 256/561/256
vt 0.7693964838981628 0.3129878938198090
vt 0.7816893458366394 0.3243606388568878
vt 0.7753458023071289 0.3495322465896606
f 213/562/213 237/563/237 303/564/303
f 240/443/240 255/558/255 239/540/239
vt 0.7057264447212219 0.0998136103153229
f 223/494/223 239/520/239 310/565/310
vt 0.8064536452293396 0.6760906577110291
vt 0.8238543868064880 0.6939448714256287
vt 0.8050394058227539 0.6991595029830933
f 253/566/253 276/567/276 257/568/257
vt 0.7157566547393799 0.0990709513425827
f 223/494/223 310/565/310 268/569/268
vt 0.8755892515182495 0.9721758365631104
vt 0.8665848970413208 0.9669349193572998
vt 0.8827050328254700 0.9578887820243835
f 238/570/238 286/571/286 280/572/280
vt 0.7999835610389709 0.5620399713516235
vt 0.8120478987693787 0.5553722977638245
vt 0.8135870695114136 0.5709876418113708
f 228/573/228 264/574/264 261/575/261
vt 0.8114063739776611 0.7262478470802307
vt 0.8053485155105591 0.7001636624336243
f 273/576/273 257/577/257 276/567/276
vt 0.1438504606485367 0.7266611456871033
vt 0.1471170485019684 0.7110111713409424
vt 0.1576765775680542 0.7337507605552673
f 251/578/251 258/579/258 230/580/230
vt 0.4951871931552887 0.9093181490898132
vt 0.5037134885787964 0.8838845491409302
vt 0.5074885487556458 0.9054638743400574
f 245/581/245 263/582/263 302/583/302
vt 0.7940592169761658 0.6529783010482788
vt 0.8118375539779663 0.6355001330375671
vt 0.8263212442398071 0.6528884172439575
f 221/584/221 259/585/259 314/586/314
vt 0.8032468557357788 0.5881882905960083
vt 0.8105826973915100 0.6030805706977844
f 249/587/249 261/575/261 282/588/282
vt 0.8312005400657654 0.8235923051834106
vt 0.8440091609954834 0.8342813253402710
vt 0.8293232917785645 0.8312399387359619
f 238/589/238 288/590/288 286/591/286
vt 0.1715972274541855 0.7205314636230469
f 230/580/230 258/579/258 287/592/287
vt 0.7478978633880615 0.3302610516548157
f 285/593/285 213/562/213 303/564/303
vt 0.4970306158065796 0.9744079709053040
vt 0.4916146099567413 0.9894461631774902
vt 0.4700756967067719 0.9720767736434937
f 236/594/236 273/595/273 278/596/278
f 221/584/221 314/586/314 253/566/253
vt 0.8913406133651733 0.9764398336410522
f 238/570/238 280/572/280 242/597/242
vt 0.9230654239654541 0.1911778002977371
vt 0.8999290466308594 0.1777281314134598
vt 0.9240143895149231 0.1795732676982880
f 268/598/268 310/599/310 272/600/272
vt 0.9091253876686096 0.9606552720069885
f 242/597/242 280/572/280 294/601/294
vt 0.7932139039039612 0.3326487243175507
f 237/563/237 232/602/232 303/564/303
vt 0.9177417159080505 0.5314036607742310
vt 0.9366413950920105 0.5243466496467590
vt 0.9437058568000793 0.5357290506362915
f 262/603/262 291/604/291 255/605/255
vt 0.5057345032691956 0.9431302547454834
vt 0.4916039109230042 0.9592373371124268
vt 0.4849406480789185 0.9445313215255737
f 244/606/244 250/607/250 270/608/270
vt 0.8729470372200012 0.8295612931251526
vt 0.8731082677841187 0.8391062617301941
vt 0.8605708479881287 0.8359044194221497
f 243/609/243 265/610/265 279/611/279
vt 0.8950383663177490 0.6287109851837158
vt 0.8776362538337708 0.6286209225654602
vt 0.8868255615234375 0.6081824898719788
f 274/612/274 266/613/266 295/614/295
f 236/594/236 278/596/278 250/607/250
vt 0.8317049145698547 0.5864344835281372
f 282/588/282 261/575/261 298/615/298
vt 0.1372338384389877 0.7231630086898804
f 256/616/256 258/579/258 251/578/251
vt 0.1891478598117828 0.7275550365447998
vt 0.1894887536764145 0.7150956988334656
f 252/617/252 287/592/287 323/618/323
vt 0.2227555960416794 0.1721465438604355
vt 0.2371719628572464 0.1764075458049774
vt 0.2207477539777756 0.1937631815671921
f 243/619/243 307/620/307 265/621/265
vt 0.8900268077850342 0.2003142833709717
vt 0.8740342855453491 0.1829695850610733
f 239/622/239 255/623/255 310/599/310
vt 0.8331592082977295 0.6246878504753113
vt 0.8102450966835022 0.6235458850860596
f 282/588/282 305/624/305 216/625/216
vt 0.8341429233551025 0.3286009132862091
vt 0.8504138588905334 0.3405950367450714
vt 0.8342072963714600 0.3513036370277405
f 271/626/271 293/627/293 290/628/290
vt 0.1747502535581589 0.3665880560874939
vt 0.1636746823787689 0.3823221921920776
vt 0.1520451754331589 0.3684405982494354
f 272/629/272 317/630/317 296/631/296
vt 0.7457720637321472 0.3545294702053070
vt 0.7179489135742188 0.3391529619693756
f 285/593/285 309/632/309 275/633/275
vt 0.6986740827560425 0.3316683769226074
vt 0.6822147965431213 0.3485940694808960
vt 0.6838701963424683 0.3306538164615631
f 277/634/277 258/635/258 256/636/256
vt 0.8509088158607483 0.6281201839447021
vt 0.8579980731010437 0.6056769490242004
vt 0.8651412725448608 0.6209233403205872
f 252/637/252 323/638/323 306/639/306
vt 0.4531070888042450 0.9249829649925232
vt 0.4396058917045593 0.9281066656112671
vt 0.4413369596004486 0.9155464768409729
f 281/640/281 284/641/284 301/642/301
f 253/566/253 314/586/314 276/567/276
f 277/634/277 275/633/275 258/635/258
vt 0.8111963272094727 0.3322218358516693
f 271/626/271 290/628/290 260/643/260
vt 0.4356526434421539 0.9246056675910950
f 294/644/294 301/642/301 284/641/284
vt 0.8362623453140259 0.6044015884399414
f 282/588/282 298/615/298 292/645/292
vt 0.4966568648815155 0.8711519241333008
vt 0.5059486627578735 0.8590767979621887
f 244/646/244 270/647/270 263/582/263
vt 0.8472834229469299 0.3097635507583618
vt 0.8635716438293457 0.3210161924362183
vt 0.8542600274085999 0.3354237675666809
f 264/648/264 254/649/254 289/650/289
vt 0.8777539134025574 0.3128690719604492
vt 0.8981230854988098 0.3116614520549774
vt 0.8977866172790527 0.3265822529792786
f 283/651/283 269/652/269 297/653/297
vt 0.8258522152900696 0.8407384753227234
f 286/591/286 288/590/288 299/654/299
vt 0.8529558181762695 0.8311686515808105
f 197/655/197 279/611/279 288/590/288
vt 0.8370865583419800 0.5700628161430359
f 264/574/264 289/656/289 261/575/261
vt 0.4737792909145355 0.9244947433471680
vt 0.4766392409801483 0.9063323140144348
f 293/657/293 281/640/281 290/658/290
f 303/564/303 309/632/309 285/593/285
f 282/588/282 292/645/292 305/624/305
vt 0.8726637959480286 0.9465885162353516
f 286/571/286 299/659/299 280/572/280
f 216/625/216 305/624/305 259/585/259
vt 0.1278957128524780 0.3665431737899780
vt 0.1395168304443359 0.3637776076793671
vt 0.1362409889698029 0.3829539418220520
f 269/660/269 246/661/246 297/662/297
vt 0.5222501754760742 0.8744772672653198
f 263/582/263 315/663/315 302/583/302
vt 0.8129385709762573 0.3585701584815979
f 260/643/260 290/628/290 300/664/300
vt 0.8705680370330811 0.8535882234573364
f 279/611/279 265/610/265 316/665/316
vt 0.8338034749031067 0.8527552485466003
f 299/654/299 288/590/288 312/666/312
vt 0.2402933984994888 0.1998130232095718
f 307/620/307 316/667/316 265/621/265
f 298/615/298 261/575/261 289/656/289
vt 0.6952122449874878 0.3607387542724609
f 275/633/275 318/668/318 258/635/258
f 270/647/270 315/663/315 263/582/263
f 259/585/259 305/624/305 314/586/314
f 232/602/232 260/643/260 303/564/303
f 266/613/266 306/639/306 295/614/295
vt 0.9215054512023926 0.1670679599046707
f 272/600/272 310/599/310 308/669/308
vt 0.8398777246475220 0.7140302062034607
f 273/576/273 276/567/276 341/670/341
f 296/631/296 297/662/297 246/661/246
f 260/643/260 300/664/300 303/564/303
vt 0.8499397635459900 0.8649274706840515
f 288/590/288 330/671/330 312/666/312
vt 0.2262604981660843 0.1496244370937347
vt 0.2237267792224884 0.1590249091386795
f 245/672/245 307/620/307 267/673/267
vt 0.7600411772727966 0.3614073097705841
f 303/564/303 325/674/325 309/632/309
vt 0.4513775110244751 0.8966763019561768
f 281/640/281 340/675/340 290/658/290
f 281/640/281 301/642/301 340/675/340
f 288/590/288 279/611/279 330/671/330
f 267/673/267 307/620/307 243/619/243
f 250/607/250 278/596/278 270/608/270
vt 0.1584841161966324 0.6873648166656494
f 258/579/258 335/676/335 287/592/287
vt 0.9111643433570862 0.6173110604286194
f 274/612/274 295/614/295 262/677/262
vt 0.1791169345378876 0.6920343637466431
f 323/618/323 287/592/287 304/678/304
vt 0.9065486192703247 0.9396885037422180
f 294/601/294 280/572/280 313/679/313
vt 0.1900911033153534 0.7016139626502991
f 323/618/323 304/678/304 346/680/346
vt 0.8546441793441772 0.6466495990753174
f 314/586/314 305/624/305 332/681/332
f 279/611/279 316/665/316 330/671/330
vt 0.4530117511749268 0.9980029463768005
f 341/682/341 278/596/278 273/595/273
vt 0.7204080224037170 0.3640008866786957
f 309/632/309 370/683/370 275/633/275
vt 0.1842174828052521 0.3816449642181396
f 272/629/272 308/684/308 317/630/317
vt 0.8775610327720642 0.3484638035297394
f 297/653/297 319/685/319 283/651/283
vt 0.9601259231567383 0.5139578580856323
vt 0.9508677124977112 0.5343012809753418
f 322/686/322 255/687/255 291/604/291
vt 0.4641412794589996 0.9429295063018799
f 270/608/270 278/596/278 315/688/315
f 318/668/318 275/633/275 370/683/370
vt 0.9224892854690552 0.9524400830268860
f 301/689/301 294/601/294 313/679/313
vt 0.9214069843292236 0.5091066360473633
f 291/604/291 262/603/262 328/690/328
vt 0.2522142231464386 0.1433765441179276
f 245/672/245 321/691/321 307/620/307
vt 0.9006832838058472 0.6026067137718201
f 295/614/295 328/692/328 262/677/262
f 283/651/283 319/685/319 254/649/254
vt 0.2411462813615799 0.1451837271451950
f 302/693/302 321/691/321 245/672/245
vt 0.8871318697929382 0.1546016186475754
f 255/623/255 322/694/322 310/599/310
vt 0.5294095873832703 0.9123824834823608
vt 0.5391722321510315 0.9023444652557373
f 321/695/321 302/583/302 339/696/339
vt 0.1407786309719086 0.3959930241107941
f 296/631/296 311/697/311 297/662/297
f 302/583/302 315/663/315 339/696/339
vt 0.8534724712371826 0.6940139532089233
f 314/586/314 324/698/324 276/567/276
vt 0.9007094502449036 0.3419546186923981
f 297/653/297 311/699/311 319/685/319
vt 0.4286078214645386 0.8989305496215820
f 301/642/301 313/700/313 340/675/340
vt 0.9109539985656738 0.1489283889532089
f 308/669/308 310/599/310 362/701/362
f 296/631/296 317/630/317 311/697/311
f 287/592/287 335/676/335 304/678/304
f 276/567/276 324/698/324 341/670/341
vt 0.8850053548812866 0.9220462441444397
f 280/572/280 299/659/299 364/702/364
f 310/599/310 322/694/322 362/701/362
vt 0.8469709157943726 0.6238651871681213
f 305/624/305 320/703/320 332/681/332
vt 0.7722845673561096 0.3674454391002655
f 303/564/303 336/704/336 325/674/325
f 280/572/280 364/702/364 313/679/313
vt 0.8703840970993042 0.5804857611656189
f 306/639/306 327/705/327 295/614/295
vt 0.1819832921028137 0.4005340933799744
f 317/630/317 308/684/308 326/706/326
vt 0.2565532326698303 0.1943852901458740
f 307/620/307 338/707/338 316/667/316
vt 0.2621686160564423 0.1672045439481735
f 307/620/307 359/708/359 338/707/338
vt 0.9423603415489197 0.4977151751518250
f 291/604/291 333/709/333 322/686/322
vt 0.8622418642044067 0.9422563910484314
vt 0.8688827753067017 0.9283667802810669
f 299/659/299 312/710/312 344/711/344
f 305/624/305 292/645/292 320/703/320
f 306/639/306 323/638/323 327/705/327
vt 0.5396512746810913 0.8821108937263489
f 339/696/339 315/663/315 347/712/347
f 289/650/289 254/649/254 319/685/319
vt 0.4719789624214172 0.8831810355186462
f 290/658/290 340/675/340 343/713/343
f 291/604/291 328/690/328 333/709/333
vt 0.1378248035907745 0.6944109201431274
f 318/714/318 335/676/335 258/579/258
vt 0.6645491719245911 0.6383737325668335
vt 0.6836000680923462 0.6361786723136902
vt 0.6870670318603516 0.6488819718360901
f 300/715/300 290/716/290 354/717/354
vt 0.4843367040157318 0.8915606141090393
f 290/658/290 343/713/343 354/718/354
vt 0.9388880133628845 0.1488397270441055
f 308/669/308 362/701/362 326/719/326
f 321/691/321 359/708/359 307/620/307
f 299/659/299 344/711/344 364/702/364
vt 0.1588988304138184 0.4085248410701752
f 317/630/317 326/706/326 351/720/351
vt 0.1415605992078781 0.6809448599815369
f 318/714/318 331/721/331 335/676/335
vt 0.9721584320068359 0.8550155758857727
vt 0.9895550012588501 0.8979358673095703
vt 0.9665594100952148 0.8804830312728882
f 298/722/298 289/723/289 357/724/357
vt 0.8708668947219849 0.8752707839012146
f 316/665/316 338/725/338 330/671/330
vt 0.8266504406929016 0.8744835257530212
f 312/666/312 330/671/330 344/726/344
vt 0.5419041514396667 0.8228092789649963
vt 0.5332002639770508 0.8368327021598816
vt 0.5152781605720520 0.8202234506607056
f 320/727/320 329/728/329 332/729/332
f 317/630/317 351/720/351 311/697/311
vt 0.5320324301719666 0.6457734704017639
vt 0.5437434911727905 0.6303218603134155
vt 0.5567035675048828 0.6566451191902161
f 331/730/331 318/731/318 370/732/370
vt 0.6525319218635559 0.6592096686363220
f 300/715/300 354/717/354 348/733/348
vt 0.8923805952072144 0.5812388062477112
f 327/705/327 342/734/342 295/614/295
vt 0.4453976750373840 0.9487583041191101
f 278/596/278 369/735/369 315/688/315
vt 0.6385829448699951 0.6270520091056824
f 303/736/303 300/715/300 348/733/348
vt 0.6229624748229980 0.6425942182540894
f 336/737/336 303/736/303 348/733/348
vt 0.5956181883811951 0.6452803015708923
vt 0.5706851482391357 0.6676507592201233
f 309/738/309 367/739/367 370/732/370
vt 0.9568206667900085 0.4831888675689697
f 333/709/333 345/740/345 322/686/322
vt 0.9573944211006165 0.8368682265281677
vt 0.9882295727729797 0.8385083675384521
f 298/722/298 320/741/320 292/742/292
vt 0.5036232471466064 0.8141741752624512
vt 0.4922189116477966 0.8254995942115784
f 314/743/314 332/729/332 324/744/324
vt 0.4382756054401398 0.8850091695785522
f 313/700/313 334/745/334 340/675/340
vt 0.8546245694160461 0.5844457149505615
f 323/638/323 346/746/346 327/705/327
f 328/692/328 295/614/295 342/734/342
vt 0.9040915966033936 0.5868673920631409
f 328/692/328 342/734/342 337/747/337
vt 0.5368625521659851 0.6681254506111145
f 331/730/331 370/732/370 385/748/385
vt 0.9107788205146790 0.9251881837844849
f 313/679/313 364/702/364 334/749/334
vt 0.5949566364288330 0.6711407899856567
f 367/739/367 309/738/309 352/750/352
vt 0.8553529977798462 0.3655803501605988
f 289/650/289 319/685/319 374/751/374
vt 0.6212486028671265 0.6708759069442749
f 348/733/348 358/752/358 336/737/336
vt 0.4395195245742798 0.9776233434677124
f 278/596/278 341/682/341 356/753/356
vt 0.2758938372135162 0.1785857230424881
f 338/707/338 359/708/359 378/754/378
vt 0.8959186077117920 0.3627584576606750
f 319/685/319 311/699/311 350/755/350
vt 0.6110082864761353 0.6560093760490417
f 336/737/336 358/752/358 325/756/325
vt 0.9193744659423828 0.4836107194423676
f 328/690/328 337/757/337 333/709/333
vt 0.4935542643070221 0.8668013215065002
f 355/758/355 354/718/354 343/713/343
vt 0.4504992961883545 0.9374517202377319
f 347/759/347 315/688/315 369/735/369
vt 0.8481125831604004 0.3548164367675781
f 289/650/289 374/751/374 357/760/357
vt 0.1693501025438309 0.9675964713096619
vt 0.1765169203281403 0.9862831830978394
vt 0.1569869220256805 0.9857576489448547
f 341/761/341 324/762/324 366/763/366
f 278/596/278 356/753/356 369/735/369
vt 0.1489727199077606 0.6662356853485107
f 331/721/331 372/764/372 335/676/335
vt 0.8555666804313660 0.8890927433967590
f 330/671/330 338/725/338 415/765/415
vt 0.1365243643522263 0.4162688851356506
f 351/720/351 350/766/350 311/697/311
vt 0.6775202155113220 0.6756218075752258
f 348/733/348 354/717/354 355/767/355
vt 0.1886109858751297 0.6687732338905334
vt 0.1981160938739777 0.6812985539436340
f 304/678/304 396/768/396 346/769/346
vt 0.1748454123735428 0.6546818614006042
f 304/678/304 335/676/335 400/770/400
vt 0.5572781562805176 0.9097151160240173
f 339/696/339 361/771/361 321/695/321
vt 0.5110493302345276 0.8494163155555725
f 324/744/324 332/729/332 363/772/363
vt 0.4449430406093597 0.8703727126121521
f 340/675/340 334/745/334 353/773/353
vt 0.2725728452205658 0.1480097323656082
f 321/691/321 361/774/361 359/708/359
vt 0.8900350332260132 0.1311889439821243
f 322/694/322 402/775/402 362/701/362
vt 0.5215101838111877 0.6734662055969238
f 331/730/331 385/748/385 372/776/372
f 400/770/400 396/768/396 304/678/304
f 309/738/309 325/756/325 352/750/352
f 332/729/332 329/728/329 363/772/363
vt 0.4265694320201874 0.8710644841194153
f 334/745/334 392/777/392 353/773/353
vt 0.9125238060951233 0.9100251793861389
f 364/702/364 392/778/392 334/749/334
vt 0.9470548629760742 0.8594553470611572
f 298/722/298 357/724/357 349/779/349
vt 0.5400635004043579 0.8588540554046631
f 329/728/329 320/727/320 406/780/406
f 298/722/298 349/779/349 320/741/320
vt 0.4677327275276184 0.8672747015953064
f 340/675/340 388/781/388 343/713/343
vt 0.4247919619083405 0.9495185017585754
f 356/753/356 360/782/360 369/735/369
vt 0.4805696308612823 0.8367625474929810
f 324/744/324 363/772/363 366/783/366
vt 0.5595176815986633 0.8918666243553162
f 347/712/347 423/784/423 339/696/339
vt 0.8734032511711121 0.9048324227333069
f 344/711/344 417/785/417 364/702/364
vt 0.8714287877082825 0.1338175088167191
f 322/694/322 345/786/345 402/775/402
vt 0.2808506488800049 0.1966544091701508
f 338/707/338 378/754/378 379/787/379
vt 0.1794940829277039 0.4208152294158936
f 351/720/351 326/706/326 381/788/381
vt 0.8326429724693298 0.8931172490119934
f 330/671/330 365/789/365 344/726/344
f 330/671/330 415/765/415 365/789/365
vt 0.2832072675228119 0.1508201360702515
f 361/774/361 424/790/424 359/708/359
vt 0.9388388991355896 0.4784327149391174
f 333/709/333 337/757/337 373/791/373
vt 0.8972693681716919 0.9059916138648987
f 364/702/364 375/792/375 392/778/392
vt 0.8811839222908020 0.8934717178344727
f 415/765/415 338/725/338 379/793/379
f 340/675/340 353/773/353 388/781/388
vt 0.8999118804931641 0.1270946711301804
f 362/701/362 402/775/402 409/794/409
vt 0.8878773450851440 0.3811929523944855
f 319/685/319 350/755/350 407/795/407
vt 0.9550392031669617 0.8988928198814392
vt 0.9458411335945129 0.8812698125839233
f 357/724/357 374/796/374 371/797/371
vt 0.1525794267654419 0.9620745182037354
vt 0.1419013738632202 0.9771682024002075
f 356/798/356 341/761/341 377/799/377
vt 0.6375905275344849 0.6883546710014343
f 358/752/358 348/733/348 399/800/399
vt 0.1428020298480988 0.4248232841491699
f 351/720/351 383/801/383 350/766/350
vt 0.1938399523496628 0.6660986542701721
f 396/768/396 376/802/376 346/769/346
f 343/713/343 388/781/388 355/758/355
f 349/779/349 357/724/357 371/797/371
vt 0.9136849045753479 0.1268673390150070
f 362/701/362 409/794/409 382/803/382
f 333/709/333 373/791/373 345/740/345
vt 0.9433264732360840 0.8387404680252075
f 320/741/320 349/779/349 406/804/406
vt 0.9274895191192627 0.1365447938442230
f 362/701/362 382/803/382 326/805/326
vt 0.8705916404724121 0.3705105781555176
f 319/685/319 397/806/397 374/751/374
f 366/763/366 377/799/377 341/761/341
vt 0.8852735757827759 0.5678009390830994
f 342/734/342 327/705/327 368/807/368
vt 0.6229526400566101 0.6808006763458252
f 358/752/358 399/800/399 422/808/422
vt 0.5544340014457703 0.8694132566452026
f 347/712/347 369/809/369 423/784/423
f 325/756/325 358/752/358 352/750/352
vt 0.1623909175395966 0.4248045384883881
f 351/720/351 381/788/381 387/810/387
vt 0.8945559859275818 0.5679686069488525
f 342/734/342 368/807/368 398/811/398
f 339/696/339 423/784/423 361/771/361
vt 0.4811805784702301 0.8548803329467773
f 366/783/366 363/772/363 377/812/377
vt 0.8543833494186401 0.5677749514579773
f 346/746/346 376/813/376 327/705/327
vt 0.8213282823562622 0.8904756903648376
f 344/726/344 365/789/365 417/814/417
f 335/676/335 372/764/372 400/770/400
f 319/685/319 407/795/407 397/806/397
f 329/728/329 406/780/406 363/772/363
f 375/792/375 364/702/364 417/785/417
vt 0.9006574153900146 0.3723700046539307
f 350/755/350 383/815/383 407/795/407
vt 0.9322236776351929 0.1282820254564285
vt 0.9353017807006836 0.1172965243458748
f 381/816/381 326/805/326 395/817/395
f 399/800/399 348/733/348 355/767/355
f 359/708/359 424/790/424 378/754/378
f 370/732/370 367/739/367 385/748/385
vt 0.9232504367828369 0.1186585947871208
f 382/803/382 395/818/395 326/805/326
vt 0.4883020222187042 0.8598829507827759
f 377/812/377 363/772/363 380/819/380
vt 0.9043806791305542 0.5652996301651001
f 342/734/342 398/811/398 337/820/337
f 351/720/351 387/810/387 383/801/383
vt 0.5534360408782959 0.5328213572502136
vt 0.5463473200798035 0.4950979650020599
vt 0.5611168742179871 0.4994067251682281
f 406/821/406 349/822/349 393/823/393
vt 0.5420729517936707 0.5944375395774841
vt 0.5539686679840088 0.5732815265655518
vt 0.5613577961921692 0.5953792333602905
f 377/824/377 380/825/380 431/826/431
vt 0.5536228418350220 0.4686861634254456
f 349/822/349 371/827/371 393/823/393
vt 0.2131308466196060 0.5445249080657959
vt 0.1971267610788345 0.5441041588783264
vt 0.2066165953874588 0.5199813842773438
f 353/828/353 384/829/384 388/830/388
vt 0.0630722418427467 0.3164483606815338
vt 0.0403405502438545 0.3286013007164001
vt 0.0457985065877438 0.3013855516910553
f 388/831/388 386/832/386 355/833/355
vt 0.0991504862904549 0.3137797117233276
vt 0.1149633079767227 0.3083429038524628
vt 0.0899359658360481 0.3296711444854736
f 373/834/373 337/835/337 394/836/394
vt 0.3291479647159576 0.8099455237388611
vt 0.3463029861450195 0.8101948499679565
vt 0.3327546119689941 0.8367053270339966
f 352/837/352 421/838/421 367/839/367
vt 0.3193701803684235 0.7925593256950378
vt 0.3461753726005554 0.7827511429786682
f 358/840/358 422/841/422 421/838/421
vt 0.5289992094039917 0.1570190191268921
vt 0.5380521416664124 0.1511475145816803
vt 0.5421066284179688 0.1648058295249939
f 383/842/383 389/843/389 407/844/407
vt 0.5209594368934631 0.1978416591882706
vt 0.5348336100578308 0.1794863641262054
vt 0.5408689379692078 0.1970817893743515
f 374/845/374 397/846/397 371/847/371
f 358/840/358 421/838/421 352/837/352
vt 0.7626165747642517 0.1923537850379944
vt 0.7429575324058533 0.1883830875158310
vt 0.7576712369918823 0.1776008307933807
f 424/848/424 361/849/361 423/850/423
vt 0.1207150369882584 0.2329995483160019
vt 0.1191926598548889 0.2468838244676590
vt 0.0940419882535934 0.2357039451599121
f 356/851/356 428/852/428 360/853/360
vt 0.4271462857723236 0.9326079487800598
vt 0.4161067008972168 0.9458852410316467
vt 0.4114393889904022 0.9280858039855957
f 383/854/383 387/855/387 389/856/389
vt 0.7440403103828430 0.1534260958433151
vt 0.7602961063385010 0.1566244065761566
f 423/850/423 369/857/369 410/858/410
vt 0.1427867412567139 0.2276291102170944
f 356/851/356 377/859/377 428/852/428
vt 0.5386018753051758 0.6172757744789124
vt 0.5654147863388062 0.6194236278533936
f 377/860/377 431/826/431 427/861/427
vt 0.4468343257904053 0.1022799387574196
vt 0.4660821855068207 0.1011663079261780
vt 0.4600021243095398 0.1274415254592896
f 372/862/372 390/863/390 400/864/400
vt 0.0814142972230911 0.3113934099674225
f 345/865/345 373/834/373 394/836/394
vt 0.2072760313749313 0.5559654235839844
f 353/828/353 392/866/392 384/829/384
vt 0.5616126656532288 0.1814764291048050
f 371/847/371 397/846/397 430/867/430
vt 0.3692821562290192 0.1885934472084045
vt 0.3785429298877716 0.1731117963790894
vt 0.3922260403633118 0.1870136111974716
f 327/868/327 376/869/376 416/870/416
vt 0.1302064210176468 0.3220421373844147
vt 0.1185065060853958 0.3340660035610199
f 337/835/337 398/871/398 391/872/391
vt 0.7480272054672241 0.1348008662462234
f 360/873/360 410/858/410 369/857/369
vt 0.3832426965236664 0.1349445730447769
vt 0.3800376057624817 0.1152313873171806
vt 0.3993963003158569 0.1228651478886604
f 409/874/409 402/875/402 425/876/425
vt 0.0114684002473950 0.3234240412712097
f 399/877/399 355/833/355 386/832/386
vt 0.8573770523071289 0.4610947370529175
vt 0.8698400855064392 0.4432981014251709
vt 0.8847573399543762 0.4588603079319000
f 417/878/417 441/879/441 375/880/375
vt 0.5474400520324707 0.5587509274482727
vt 0.5737083554267883 0.5582435727119446
f 363/881/363 406/821/406 404/882/404
vt 0.4778001308441162 0.1100164726376534
f 400/864/400 390/863/390 403/883/403
vt 0.3761588633060455 0.1575317680835724
vt 0.3935234844684601 0.1515114158391953
vt 0.3922143876552582 0.1696788072586060
f 395/884/395 382/885/382 448/886/448
vt 0.0739818960428238 0.3253085911273956
f 345/865/345 394/836/394 402/887/402
vt 0.0970489531755447 0.2544438540935516
f 360/853/360 428/852/428 408/888/408
vt 0.4172285795211792 0.9604591131210327
vt 0.4193137288093567 0.9712151288986206
vt 0.4019210040569305 0.9704652428627014
f 381/889/381 395/890/395 448/891/448
vt 0.5752943754196167 0.4693649709224701
f 371/827/371 420/892/420 393/823/393
vt 0.1324586719274521 0.2514632940292358
f 428/852/428 377/859/377 427/893/427
vt 0.3602220714092255 0.1485762000083923
vt 0.3547872602939606 0.1622201502323151
vt 0.3541693687438965 0.1341235786676407
f 365/894/365 415/895/415 417/896/417
vt 0.1820811331272125 0.5230876803398132
f 388/830/388 384/829/384 454/897/454
vt 0.3563186824321747 0.1927917152643204
vt 0.3373008966445923 0.1745506823062897
f 379/898/379 401/899/401 415/895/415
vt 0.3851561844348907 0.1699008047580719
f 376/869/376 396/900/396 416/870/416
vt 0.3855412304401398 0.2072717845439911
f 368/901/368 327/868/327 416/870/416
vt 0.0591997951269150 0.3427253067493439
f 386/832/386 388/831/388 478/902/478
vt 0.4882319867610931 0.0268132872879505
vt 0.4684384763240814 0.0190963707864285
vt 0.4903511106967926 0.0128725077956915
f 385/903/385 390/904/390 372/905/372
vt 0.3605882823467255 0.8392332196235657
f 367/839/367 421/838/421 405/906/405
f 337/835/337 391/872/391 394/836/394
vt 0.3455615043640137 0.8497079610824585
f 367/839/367 405/906/405 385/907/385
vt 0.3774740397930145 0.2171259522438049
vt 0.3927195072174072 0.2283139675855637
f 398/908/398 368/901/368 391/909/391
vt 0.3962299823760986 0.1722516417503357
f 396/900/396 418/910/418 416/870/416
f 363/881/363 404/882/404 380/825/380
vt 0.8991067409515381 0.4494792520999908
vt 0.9087142348289490 0.4638629853725433
f 375/880/375 412/911/412 392/912/392
vt 0.3828512430191040 0.9516818523406982
f 387/855/387 381/889/381 411/913/411
vt 0.4596298038959503 0.1434542983770370
vt 0.4760086238384247 0.1396890878677368
f 396/914/396 400/864/400 418/915/418
vt 0.0650702342391014 0.3337058722972870
f 425/916/425 402/887/402 394/836/394
f 397/846/397 407/844/407 430/867/430
vt 0.8706353306770325 0.7065703868865967
vt 0.8777247071266174 0.6838379502296448
vt 0.8976178169250488 0.7053956985473633
f 378/917/378 435/918/435 379/919/379
f 403/883/403 418/915/418 400/864/400
vt 0.1929510831832886 0.5598986148834229
f 384/829/384 392/866/392 412/920/412
vt 0.5813668966293335 0.5206725597381592
f 406/821/406 393/823/393 419/921/419
vt 0.1888643354177475 0.5024712085723877
f 388/830/388 454/897/454 478/922/478
vt 0.3400549590587616 0.1932067573070526
f 379/898/379 429/923/429 401/899/401
f 381/889/381 448/891/448 411/913/411
vt 0.3258114457130432 0.1516260951757431
f 415/895/415 401/899/401 457/924/457
vt 0.5810093879699707 0.5344036817550659
f 406/821/406 419/921/419 413/925/413
f 387/855/387 411/913/411 389/856/389
vt 0.9030902981758118 0.6873714923858643
f 379/919/379 435/918/435 429/926/429
vt 0.8466177582740784 0.6985312104225159
f 378/917/378 424/927/424 435/918/435
vt 0.4710734486579895 0.0343517214059830
f 385/903/385 405/928/405 390/904/390
vt 0.7697734236717224 0.1352780610322952
f 410/858/410 360/873/360 408/929/408
vt 0.5549221038818359 0.2044707238674164
f 371/847/371 430/867/430 420/930/420
vt 0.4947513937950134 0.1340268850326538
f 403/883/403 439/931/439 418/915/418
f 406/821/406 413/925/413 404/882/404
vt 0.4089198112487793 0.1993467509746552
f 368/901/368 414/932/414 391/909/391
vt 0.5633966326713562 0.1536515206098557
f 389/843/389 433/933/433 407/844/407
vt 0.5969827175140381 0.5829744935035706
f 380/825/380 440/934/440 431/826/431
f 404/882/404 440/934/440 380/825/380
vt 0.1722931116819382 0.5489733815193176
f 384/829/384 412/920/412 442/935/442
vt 0.0291578248143196 0.3492750823497772
f 386/832/386 426/936/426 399/877/399
vt 0.5830750465393066 0.4862494170665741
vt 0.5843905210494995 0.5025927424430847
f 393/823/393 474/937/474 456/938/456
vt 0.3388900458812714 0.1413768082857132
f 417/939/417 415/895/415 457/924/457
f 393/823/393 420/892/420 474/937/474
vt 0.3648757636547089 0.7868041992187500
f 421/838/421 422/841/422 443/940/443
vt 0.3896329402923584 0.9300158619880676
f 389/856/389 411/913/411 433/941/433
vt 0.0941234827041626 0.3561233282089233
f 394/836/394 391/872/391 446/942/446
f 409/874/409 425/876/425 382/885/382
vt 0.4926838278770447 0.0894130840897560
f 390/863/390 438/943/438 403/883/403
vt 0.8878572583198547 0.4230574667453766
f 412/911/412 375/880/375 466/944/466
vt 0.3805294632911682 0.8121380805969238
f 421/838/421 443/940/443 447/945/447
f 368/901/368 416/870/416 414/932/414
vt -0.0017561899730936 0.3343976140022278
f 399/877/399 426/936/426 422/946/422
f 419/921/419 393/823/393 456/938/456
vt 0.5892286300659180 0.6137534379959106
f 431/826/431 437/947/437 427/861/427
vt 0.4197385311126709 0.1755239367485046
f 416/870/416 418/910/418 439/948/439
vt 0.1248742565512657 0.2806837856769562
f 427/893/427 449/949/449 428/852/428
vt 0.3269057571887970 0.1357050687074661
f 417/939/417 457/924/457 458/950/458
vt 0.7910684943199158 0.1746257096529007
f 410/858/410 451/951/451 423/850/423
f 407/844/407 433/933/433 430/867/430
vt 0.8580194115638733 0.4274857044219971
f 417/878/417 458/952/458 441/879/441
vt 0.9097073078155518 0.4310032427310944
f 412/911/412 466/944/466 442/953/442
vt 0.5877392292022705 0.4682886004447937
f 420/892/420 434/954/434 474/937/474
f 423/850/423 451/951/451 424/848/424
vt 0.5813661217689514 0.6252900958061218
f 427/861/427 437/947/437 444/955/444
f 421/838/421 447/945/447 405/906/405
f 386/832/386 478/902/478 426/936/426
f 454/897/454 384/829/384 442/935/442
vt 0.4097268283367157 0.2187138497829437
f 391/909/391 414/932/414 432/956/432
f 375/880/375 441/879/441 466/944/466
f 425/916/425 394/836/394 446/942/446
vt 0.3244722187519073 0.1948566436767578
f 429/923/429 461/957/461 401/899/401
vt 0.5037052631378174 0.1108767837285995
f 403/883/403 473/958/473 439/931/439
vt 0.5904778838157654 0.5434033274650574
f 404/882/404 413/925/413 445/959/445
vt 0.1034921482205391 0.2815116047859192
f 428/852/428 485/960/485 408/888/408
vt 0.3806252181529999 0.9682502150535583
f 448/891/448 436/961/436 411/913/411
vt 0.1413115113973618 0.2694441378116608
f 427/893/427 444/962/444 449/949/449
f 416/870/416 439/948/439 414/932/414
vt 0.0664028599858284 0.3577916920185089
f 425/916/425 446/942/446 460/963/460
f 428/852/428 449/949/449 485/960/485
vt 0.4239746332168579 0.1393007785081863
f 425/876/425 476/964/476 382/885/382
vt 0.5886603593826294 0.6001291871070862
f 431/826/431 440/934/440 437/965/437
vt 0.8980973958969116 0.6643134951591492
f 429/926/429 435/918/435 461/966/461
vt 0.1262969672679901 0.3533602654933929
f 391/872/391 432/967/432 446/942/446
vt 0.4935518503189087 0.6810736060142517
vt 0.4953376352787018 0.7115094065666199
vt 0.4747037589550018 0.6869660019874573
f 405/968/405 469/969/469 390/970/390
vt 0.5738951563835144 0.1992897391319275
f 420/930/420 430/867/430 434/971/434
vt 0.8465563654899597 0.6896899342536926
vt 0.8552863597869873 0.6668621301651001
f 424/972/424 455/973/455 435/918/435
vt 0.7845883369445801 0.1990619897842407
f 424/848/424 451/951/451 455/974/455
f 410/858/410 408/929/408 451/951/451
f 403/883/403 438/943/438 473/958/473
vt 0.4161983132362366 0.1571367681026459
f 382/885/382 476/964/476 448/975/448
vt 0.0787112936377525 0.2869347631931305
f 408/888/408 485/960/485 467/976/467
vt 0.3068109452724457 0.1796243339776993
f 461/957/461 471/977/471 401/899/401
vt 0.4210518002510071 0.2200259566307068
f 414/932/414 465/978/465 432/956/432
vt 0.1176700815558434 0.3670239746570587
f 432/967/432 465/979/465 446/942/446
vt 0.4477684497833252 0.5220329165458679
vt 0.4491241872310638 0.5040183067321777
vt 0.4682026803493500 0.5111592411994934
f 444/980/444 437/981/437 450/982/450
vt 0.4395837783813477 0.4268277287483215
vt 0.4699240028858185 0.4277685284614563
vt 0.4620351791381836 0.4522697031497955
f 413/983/413 490/984/490 445/985/445
vt 0.8016393184661865 0.1529937684535980
f 408/929/408 467/986/467 451/951/451
vt 0.4358550906181335 0.4500269293785095
vt 0.4537071883678436 0.4763693511486053
f 404/987/404 445/985/445 440/988/440
vt 0.4501941800117493 0.4116915464401245
f 419/989/419 490/984/490 413/983/413
vt 0.4631429910659790 0.6995127797126770
f 390/970/390 469/969/469 438/990/438
vt 0.4265611171722412 0.1171671077609062
f 425/876/425 460/991/460 476/964/476
vt 0.8696895837783813 0.6559733152389526
f 435/918/435 455/973/455 463/992/463
f 441/879/441 458/952/458 466/944/466
vt 0.1372983753681183 0.2815329730510712
f 444/962/444 450/993/450 449/949/449
vt 0.5191345214843750 0.6975775361061096
f 405/968/405 447/994/447 469/969/469
vt 0.1544819623231888 0.5385207533836365
f 442/935/442 494/995/494 454/897/454
vt 0.3027344048023224 0.1588114947080612
f 457/924/457 401/899/401 452/996/452
vt 0.5892153382301331 0.1569764018058777
f 433/933/433 479/997/479 430/867/430
vt 0.5592376589775085 0.6898239254951477
vt 0.5827386379241943 0.7037394046783447
vt 0.5451447367668152 0.7032459974288940
f 422/998/422 426/999/426 443/1000/443
vt 0.3723751008510590 0.9266997575759888
f 433/941/433 411/913/411 453/1001/453
vt 0.5802863240242004 0.1502329409122467
f 433/933/433 453/1002/453 479/997/479
vt 0.4506765902042389 0.3919801414012909
vt 0.4742786884307861 0.4008549749851227
f 419/989/419 456/1003/456 459/1004/459
f 401/899/401 471/977/471 452/996/452
vt 0.4583891332149506 0.3691591620445251
f 456/1003/456 474/1005/474 459/1004/459
vt 0.8823379278182983 0.6513010263442993
f 435/918/435 463/992/463 464/1006/464
vt 0.4319852888584137 0.2042991518974304
f 414/932/414 480/1007/480 465/978/465
vt 0.0962910279631615 0.3774318695068359
f 446/942/446 465/979/465 498/1008/498
f 437/981/437 440/988/440 450/982/450
f 414/932/414 439/948/439 480/1007/480
f 435/918/435 464/1006/464 461/966/461
vt 0.5889050960540771 0.1796390563249588
f 430/867/430 479/997/479 497/1009/497
vt 0.4491452574729919 0.3568150103092194
vt 0.4749582409858704 0.3483994603157043
f 434/1010/434 462/1011/462 474/1005/474
vt 0.5916445255279541 0.1963300108909607
f 434/971/434 430/867/430 462/1012/462
vt 0.0779817029833794 0.3791917860507965
f 460/963/460 446/942/446 518/1013/518
f 419/989/419 459/1004/459 490/984/490
vt 0.8498253226280212 0.4265517592430115
vt 0.8554652333259583 0.4075248241424561
f 457/1014/457 501/1015/501 458/952/458
vt 0.8200008869171143 0.1851648539304733
f 455/974/455 451/951/451 500/1016/500
vt 0.1509787738323212 0.5284777879714966
f 454/897/454 494/995/494 493/1017/493
f 430/867/430 497/1009/497 462/1012/462
vt 0.2997283339500427 0.1935544908046722
f 471/977/471 461/957/461 513/1018/513
vt 0.1502132564783096 0.5158764719963074
vt 0.1665611416101456 0.5020284652709961
f 454/897/454 484/1019/484 478/1020/478
vt 0.9036118984222412 0.4135932028293610
f 442/953/442 466/944/466 508/1021/508
vt 0.4400761723518372 0.7052834033966064
vt 0.4554848670959473 0.7225881218910217
f 473/1022/473 438/990/438 488/1023/488
vt 0.4798033833503723 0.4807176887989044
f 517/1024/517 440/988/440 445/985/445
vt 0.3585666716098785 0.9635407924652100
f 436/961/436 483/1025/483 411/913/411
vt 0.4211765825748444 0.1690803021192551
vt 0.4393296241760254 0.1580850034952164
f 436/1026/436 448/975/448 483/1027/483
vt 0.4381289780139923 0.1340337395668030
f 476/964/476 460/991/460 487/1028/487
vt 0.8553382158279419 0.6487222909927368
f 455/973/455 500/1029/500 463/992/463
vt 0.3567473888397217 0.9378129839897156
f 453/1001/453 411/913/411 522/1030/522
vt 0.2989724278450012 0.1360144019126892
f 457/924/457 452/996/452 501/1031/501
f 454/897/454 493/1017/493 484/1019/484
f 440/988/440 517/1024/517 450/982/450
vt 0.5670096874237061 0.7244646549224854
f 426/999/426 492/1032/492 443/1000/443
vt 0.1249999105930328 0.3784560561180115
vt 0.1135126501321793 0.3808806538581848
f 465/979/465 470/1033/470 468/1034/468
vt 0.4385646581649780 0.2244611978530884
f 465/978/465 480/1007/480 470/1035/470
vt 0.4489367008209229 0.1793771982192993
f 439/948/439 475/1036/475 480/1007/480
vt 0.5227618813514709 0.7349646687507629
f 447/994/447 443/1000/443 477/1037/477
vt 0.1516605615615845 0.5556462407112122
f 442/935/442 508/1038/508 494/995/494
vt 0.1335965991020203 0.2975440323352814
f 450/993/450 489/1039/489 449/949/449
f 447/994/447 477/1037/477 469/969/469
vt 0.4843489825725555 0.4533102214336395
f 445/985/445 490/984/490 506/1040/506
f 448/975/448 476/964/476 483/1027/483
f 458/952/458 501/1015/501 466/944/466
vt 0.5179976820945740 0.1333103924989700
f 439/931/439 473/958/473 515/1041/515
vt 0.3567726314067841 0.9224298596382141
f 453/1001/453 522/1030/522 479/1042/479
vt 0.4846915006637573 0.7273703217506409
f 438/990/438 469/969/469 525/1043/525
vt 0.4835912883281708 0.3784579634666443
f 474/1005/474 472/1044/472 459/1004/459
f 446/942/446 498/1008/498 518/1013/518
vt 0.8848576545715332 0.4048056602478027
f 508/1021/508 466/944/466 509/1045/509
vt 0.5185770392417908 0.0960804075002670
vt 0.5204383134841919 0.1060045361518860
f 473/958/473 488/1046/488 512/1047/512
vt 0.4846113026142120 0.5038875341415405
f 450/982/450 517/1024/517 523/1048/523
f 465/979/465 468/1034/468 498/1008/498
vt 0.4842495918273926 0.3630430400371552
f 474/1005/474 514/1049/514 472/1044/472
vt 0.8990317583084106 0.6489740014076233
f 461/966/461 464/1006/464 513/1050/513
f 466/944/466 501/1015/501 509/1045/509
vt 0.6094423532485962 0.7000706791877747
vt 0.5917701125144958 0.7292428016662598
f 426/999/426 478/1051/478 526/1052/526
vt 0.5460537075996399 0.7265682220458984
f 443/1000/443 537/1053/537 477/1037/477
vt 0.0896879360079765 0.2994378805160522
f 467/976/467 485/960/485 482/1054/482
vt 0.5227023363113403 0.1495766788721085
f 439/931/439 515/1041/515 475/1055/475
vt 0.4834890961647034 0.3931301236152649
f 459/1004/459 472/1044/472 510/1056/510
f 443/1000/443 492/1032/492 537/1053/537
vt 0.1140388846397400 0.3058635294437408
f 449/949/449 489/1039/489 481/1057/481
f 426/999/426 526/1052/526 492/1032/492
f 462/1011/462 514/1049/514 474/1005/474
f 411/913/411 483/1025/483 522/1030/522
vt 0.4701014459133148 0.7280647754669189
f 438/990/438 505/1058/505 488/1023/488
f 483/1027/483 476/964/476 487/1028/487
vt 0.1235392838716507 0.3859877288341522
f 470/1033/470 503/1059/503 468/1034/468
f 438/990/438 525/1043/525 505/1058/505
vt 0.6137694120407104 0.7262719273567200
f 478/1051/478 484/1060/484 526/1052/526
vt 0.5313529372215271 0.1378532499074936
f 515/1041/515 496/1061/496 475/1055/475
vt 0.5966231226921082 0.1654554903507233
f 479/997/479 486/1062/486 497/1009/497
f 449/949/449 481/1057/481 485/960/485
vt 0.4933139979839325 0.5214753150939941
f 450/982/450 523/1048/523 489/1063/489
vt 0.8166217803955078 0.1662430018186569
f 467/986/467 520/1064/520 451/951/451
vt 0.5239438414573669 0.1155486106872559
f 473/958/473 512/1047/512 499/1065/499
vt 0.1443403065204620 0.5477000474929810
f 508/1038/508 507/1066/507 494/995/494
f 506/1040/506 517/1024/517 445/985/445
f 515/1041/515 473/958/473 499/1065/499
vt 0.5084692835807800 0.4288868904113770
f 490/984/490 495/1067/495 506/1040/506
vt 0.4515905380249023 0.1047680824995041
f 460/991/460 518/1068/518 487/1028/487
vt 0.8654338121414185 0.3968405425548553
f 501/1015/501 502/1069/502 509/1045/509
vt 0.4512962102890015 0.1980490386486053
f 480/1007/480 475/1036/475 491/1070/491
vt 0.4473836421966553 0.2103249728679657
f 480/1007/480 491/1070/491 503/1071/503
f 490/984/490 459/1004/459 495/1067/495
f 451/951/451 520/1064/520 500/1016/500
vt 0.1015468463301659 0.3027571141719818
f 485/960/485 481/1072/481 482/1054/482
vt 0.8054668903350830 0.4279475808143616
vt 0.8277493715286255 0.4319290518760681
vt 0.8153361082077026 0.4484239220619202
f 492/1073/492 558/1074/558 537/1075/537
vt 0.5223632454872131 0.1840511262416840
vt 0.5044937133789062 0.1770999133586884
vt 0.5215292572975159 0.1723580956459045
f 494/1076/494 521/1077/521 493/1078/493
vt 0.2314786016941071 0.5806175470352173
vt 0.2269997894763947 0.5905126333236694
vt 0.2053366005420685 0.5878114104270935
f 489/1079/489 523/1080/523 481/1081/481
vt 0.2662413120269775 0.9291791915893555
vt 0.2805703282356262 0.9260762333869934
vt 0.2779157459735870 0.9418604969978333
f 467/1082/467 504/1083/504 520/1084/520
vt 0.8055512309074402 0.5215837359428406
vt 0.8123533129692078 0.5362253189086914
vt 0.7955409288406372 0.5401251316070557
f 505/1085/505 512/1086/512 488/1087/488
vt 0.6069727540016174 0.8956571817398071
vt 0.6191155314445496 0.8960014581680298
vt 0.6138175725936890 0.9023838639259338
f 480/1088/480 503/1089/503 470/1090/470
vt 0.7990255951881409 0.3924880921840668
vt 0.7932866215705872 0.3805425763130188
vt 0.8169891834259033 0.3930965065956116
f 526/1091/526 484/1092/484 530/1093/530
vt 0.1391896456480026 0.1603546887636185
vt 0.1698344498872757 0.1448311209678650
vt 0.1600175350904465 0.1670966595411301
f 522/1094/522 483/1095/483 534/1096/534
vt 0.7906160950660706 0.4885815978050232
vt 0.8029881119728088 0.4706479310989380
vt 0.8227348327636719 0.4733164608478546
f 469/1097/469 477/1098/477 541/1099/541
vt 0.2294439375400543 0.2690946459770203
vt 0.2119922190904617 0.2802647352218628
vt 0.2173873186111450 0.2560955584049225
f 513/1100/513 464/1101/464 544/1102/544
vt 0.2127797901630402 0.7415335178375244
vt 0.2089054733514786 0.7533136606216431
vt 0.1953911334276199 0.7457731366157532
f 501/1103/501 519/1104/519 502/1105/502
vt 0.6134234070777893 0.8585801124572754
vt 0.6249858140945435 0.8598221540451050
vt 0.6164818406105042 0.8768293261528015
f 475/1106/475 496/1107/496 491/1108/491
vt 0.6052553653717041 0.1883546411991119
vt 0.6135094761848450 0.1666213124990463
vt 0.6249545216560364 0.1847318857908249
f 483/1109/483 487/1110/487 532/1111/532
vt 0.1841839551925659 0.2692690491676331
vt 0.1922014206647873 0.2554835081100464
vt 0.2008720785379410 0.2718092799186707
f 500/1112/500 527/1113/527 463/1114/463
vt 0.1812324523925781 0.7308168411254883
vt 0.1887178868055344 0.7599097490310669
f 509/1115/509 502/1105/502 550/1116/550
vt 0.8109533786773682 0.4986149370670319
vt 0.8280506134033203 0.5121401548385620
f 525/1117/525 568/1118/568 505/1085/505
f 464/1101/464 463/1114/463 544/1102/544
vt 0.1479318141937256 0.4378491640090942
vt 0.1391374319791794 0.4632435441017151
vt 0.1353121399879456 0.4254460334777832
f 468/1119/468 524/1120/524 498/1121/498
vt 0.5186486244201660 0.1893517822027206
f 494/1076/494 507/1122/507 521/1077/521
vt 0.2729082107543945 0.9181615710258484
f 467/1082/467 482/1123/482 504/1083/504
vt 0.1410563290119171 0.1410850882530212
vt 0.1265697330236435 0.1246419250965118
vt 0.1542652547359467 0.1342662721872330
f 462/1124/462 497/1125/497 538/1126/538
vt 0.1891092509031296 0.5773333311080933
vt 0.1846628189086914 0.5877943634986877
f 482/1127/482 481/1081/481 504/1128/504
f 525/1117/525 469/1097/469 541/1099/541
vt 0.5154887437820435 0.1582709252834320
f 493/1078/493 521/1077/521 484/1129/484
vt 0.6161331534385681 0.1478981226682663
vt 0.6324684619903564 0.1533358842134476
f 518/1130/518 536/1131/536 487/1110/487
vt 0.1449180543422699 0.1126438006758690
f 497/1125/497 486/1132/486 538/1126/538
vt 0.1844510138034821 0.1647328138351440
f 483/1095/483 532/1133/532 534/1096/534
f 463/1114/463 527/1113/527 544/1102/544
f 477/1098/477 537/1075/537 541/1099/541
f 505/1085/505 568/1118/568 512/1086/512
vt 0.1517135649919510 0.8139324188232422
vt 0.1565739512443542 0.8466389775276184
vt 0.1281765997409821 0.8137701749801636
f 452/1134/452 582/1135/582 501/1136/501
vt 0.6427065730094910 0.8954266309738159
f 503/1089/503 491/1108/491 563/1137/563
vt 0.1615515053272247 0.4429085552692413
f 468/1119/468 503/1138/503 524/1120/524
vt 0.1708704382181168 0.8234499692916870
f 452/1134/452 471/1139/471 582/1135/582
vt 0.1674702763557434 0.7510918378829956
f 509/1115/509 550/1116/550 511/1140/511
vt 0.6777997016906738 0.0131346350535750
vt 0.6979944109916687 0.0100690759718418
vt 0.6900604367256165 0.0292457379400730
f 514/1141/514 538/1142/538 472/1143/472
vt 0.1626006215810776 0.7474003434181213
f 509/1115/509 511/1140/511 508/1144/508
vt 0.2310151606798172 0.4227333068847656
vt 0.2108653336763382 0.4221078157424927
vt 0.2281665802001953 0.3954326212406158
f 506/1145/506 516/1146/516 517/1147/517
vt 0.1197584196925163 0.4414620101451874
f 518/1148/518 498/1121/498 524/1120/524
f 487/1110/487 536/1131/536 532/1111/532
vt 0.5195859074592590 0.1967213302850723
vt 0.5096539855003357 0.2000987231731415
f 508/1149/508 511/1150/511 507/1122/507
vt 0.8726040124893188 0.0050626783631742
vt 0.8823720812797546 0.0249291677027941
vt 0.8562068939208984 0.0366553217172623
f 459/1151/459 510/1152/510 495/1153/495
vt 0.1440404951572418 0.0980867817997932
vt 0.1570705026388168 0.0986675545573235
f 486/1132/486 479/1154/479 542/1155/542
vt 0.1356037259101868 0.8282888531684875
f 501/1136/501 582/1135/582 519/1156/519
vt 0.9130411744117737 0.7980042099952698
vt 0.8967738151550293 0.7974855303764343
vt 0.9059252738952637 0.7789923548698425
f 496/1157/496 515/1158/515 529/1159/529
vt 0.6784857511520386 -0.0031158002093434
f 462/1160/462 538/1142/538 514/1141/514
f 511/1150/511 521/1077/521 507/1122/507
vt 0.8097907304763794 0.4139964580535889
f 492/1073/492 526/1161/526 558/1074/558
vt 0.8831880688667297 0.7908759117126465
vt 0.8741737604141235 0.8013278841972351
vt 0.8772153854370117 0.7760497331619263
f 499/1162/499 512/1163/512 555/1164/555
vt 0.8352593779563904 0.4101527631282806
f 530/1093/530 531/1165/531 526/1161/526
vt 0.2791607677936554 0.9577648043632507
vt 0.3084135651588440 0.9566568136215210
vt 0.2887326776981354 0.9735919833183289
f 500/1166/500 539/1167/539 527/1168/527
vt 0.1954044699668884 0.8194146156311035
vt 0.1841046065092087 0.8365285396575928
f 471/1139/471 513/1169/513 528/1170/528
vt 0.2291557192802429 0.4353244602680206
vt 0.2200122624635696 0.4277994334697723
f 495/1171/495 516/1172/516 506/1145/506
vt 0.2955946624279022 0.9347532391548157
f 520/1084/520 504/1083/504 535/1173/535
vt 0.6475806832313538 0.8690485954284668
f 563/1137/563 491/1108/491 554/1174/554
f 491/1108/491 496/1107/496 554/1174/554
vt 0.8313968181610107 0.5377818942070007
f 512/1086/512 568/1118/568 555/1175/555
vt 0.1672789007425308 0.1176102310419083
f 486/1132/486 560/1176/560 538/1126/538
vt 0.1190452501177788 0.4628323614597321
f 518/1148/518 524/1120/524 536/1177/536
f 486/1132/486 542/1155/542 560/1176/560
vt 0.1610290706157684 0.4682569205760956
f 524/1120/524 503/1138/503 563/1178/563
vt 0.2340032756328583 0.2497321218252182
f 513/1100/513 544/1102/544 528/1179/528
vt 0.5043439269065857 0.1529416143894196
f 484/1129/484 521/1077/521 530/1180/530
vt 0.1683809459209442 0.7702400088310242
f 550/1116/550 562/1181/562 511/1140/511
f 502/1105/502 519/1104/519 550/1116/550
f 500/1166/500 520/1084/520 535/1173/535
vt 0.6479659080505371 0.1665426343679428
f 532/1111/532 536/1131/536 543/1182/543
vt 0.2001131772994995 0.4075050055980682
f 516/1146/516 576/1183/576 517/1147/517
vt 0.8409515023231506 0.4791738390922546
f 525/1117/525 541/1099/541 548/1184/548
vt 0.1196231320500374 0.1568484604358673
vt 0.1279881596565247 0.1739028543233871
f 479/1185/479 522/1094/522 542/1186/542
vt 0.4867795407772064 0.1881278455257416
f 562/1187/562 521/1077/521 511/1150/511
vt 0.1785000413656235 0.1794947087764740
f 534/1096/534 532/1133/532 533/1188/533
f 526/1161/526 531/1165/531 558/1074/558
vt 0.1840430796146393 0.5958592295646667
f 504/1128/504 481/1081/481 535/1189/535
vt 0.6379081010818481 0.1911452859640121
f 532/1111/532 543/1182/543 533/1190/533
vt 0.1706152856349945 0.1007695421576500
f 542/1155/542 552/1191/552 560/1176/560
f 525/1117/525 548/1184/548 568/1118/568
f 499/1162/499 529/1159/529 515/1158/515
vt 0.7124202251434326 0.0226707309484482
f 538/1142/538 549/1192/549 472/1143/472
vt 0.1699298471212387 0.1872989237308502
f 533/1188/533 553/1193/553 534/1096/534
vt 0.1888876557350159 0.6051570177078247
f 535/1189/535 481/1081/481 559/1194/559
vt 0.8978655934333801 0.0324234068393707
vt 0.8769379854202271 0.0509380213916302
f 510/1152/510 472/1195/472 540/1196/540
vt 0.1477309465408325 0.1902555525302887
f 522/1094/522 534/1096/534 566/1197/566
vt 0.8410208821296692 0.4487947225570679
f 541/1099/541 537/1075/537 569/1198/569
vt 0.2117344290018082 0.3819919526576996
f 523/1199/523 517/1147/517 576/1183/576
vt 0.4904195368289948 0.1559420526027679
f 530/1180/530 521/1077/521 561/1200/561
f 495/1153/495 510/1152/510 540/1196/540
vt 0.6377428174018860 0.8525494337081909
f 529/1201/529 554/1174/554 496/1107/496
vt 0.1997329741716385 0.2291218042373657
f 527/1113/527 594/1202/594 544/1102/544
vt 0.2216930985450745 0.6175248026847839
f 523/1080/523 545/1203/545 481/1081/481
f 535/1173/535 539/1167/539 500/1166/500
vt 0.2310602962970734 0.6053180098533630
f 523/1080/523 546/1204/546 545/1203/545
vt 0.8304350972175598 0.3803326785564423
vt 0.8410817980766296 0.3893473446369171
f 530/1093/530 561/1205/561 598/1206/598
f 531/1165/531 530/1093/530 598/1206/598
vt 0.3041123747825623 0.9680932760238647
f 539/1167/539 565/1207/565 527/1168/527
vt 0.1976191699504852 0.7810696363449097
f 519/1104/519 557/1208/557 550/1116/550
f 522/1094/522 566/1197/566 542/1186/542
vt 0.2021864801645279 0.6248589754104614
f 481/1081/481 564/1209/564 559/1194/559
f 545/1203/545 564/1209/564 481/1081/481
vt 0.1367764919996262 0.8500591516494751
f 519/1156/519 582/1135/582 557/1210/557
vt 0.8862132430076599 0.0521614290773869
f 472/1195/472 549/1211/549 540/1196/540
f 537/1075/537 558/1074/558 569/1198/569
vt 0.8550108075141907 0.0639993026852608
vt 0.8318054676055908 0.0426127873361111
f 495/1153/495 571/1212/571 516/1213/516
f 471/1139/471 528/1170/528 582/1135/582
f 534/1096/534 553/1193/553 566/1197/566
vt 0.2277949452400208 0.2372922748327255
f 544/1102/544 551/1214/551 528/1179/528
vt 0.8444853425025940 0.4659479558467865
f 541/1099/541 556/1215/556 548/1184/548
vt 0.8521797657012939 0.5352572798728943
f 555/1175/555 568/1118/568 570/1216/570
f 495/1153/495 540/1196/540 571/1212/571
vt 0.1703716814517975 0.1384496390819550
f 538/1126/538 560/1176/560 547/1217/547
vt 0.1220097690820694 0.1854552179574966
f 542/1186/542 566/1197/566 552/1218/552
vt 0.2972294092178345 0.9207212328910828
vt 0.3173083961009979 0.9289191961288452
f 559/1219/559 579/1220/579 535/1173/535
f 541/1099/541 569/1198/569 556/1215/556
vt 0.8448887467384338 0.5161989331245422
f 568/1118/568 573/1221/573 570/1216/570
vt 0.7128257751464844 -0.0001602409756742
f 547/1222/547 549/1192/549 538/1142/538
vt 0.6560539007186890 0.8497917652130127
f 529/1201/529 572/1223/572 554/1174/554
vt 0.1864458918571472 0.2335331141948700
f 527/1113/527 565/1224/565 594/1202/594
vt 0.1850144118070602 0.8501976132392883
f 528/1170/528 551/1225/551 582/1135/582
f 499/1162/499 555/1164/555 529/1159/529
vt 0.6522914767265320 0.1916803121566772
f 533/1190/533 543/1182/543 553/1226/553
f 521/1077/521 562/1187/562 561/1200/561
f 550/1116/550 557/1208/557 562/1181/562
vt 0.6570940613746643 0.1435186713933945
f 536/1131/536 574/1227/574 543/1182/543
vt 0.6376964449882507 0.6825208663940430
vt 0.6642640829086304 0.6907180547714233
vt 0.6585870385169983 0.7109054327011108
f 546/1228/546 523/1229/523 587/1230/587
f 544/1102/544 594/1202/594 551/1214/551
vt 0.1952758580446243 0.1235874965786934
f 547/1217/547 560/1176/560 593/1231/593
vt 0.8971564173698425 0.7492380142211914
f 529/1159/529 555/1164/555 603/1232/603
vt 0.7668398618698120 0.6857084035873413
vt 0.7803304791450500 0.6996498703956604
vt 0.7543846964836121 0.6979912519454956
f 549/1233/549 567/1234/567 540/1235/540
vt 0.1740285903215408 0.6168284416198730
f 559/1194/559 564/1209/564 579/1236/579
vt 0.1773874014616013 0.8682604432106018
f 551/1225/551 618/1237/618 582/1135/582
f 535/1173/535 579/1220/579 539/1167/539
vt 0.1286920309066772 0.1959778070449829
f 552/1218/552 566/1197/566 583/1238/583
vt 0.4721909463405609 0.1619153171777725
f 561/1200/561 562/1187/562 577/1239/577
vt 0.1895260512828827 0.1056758239865303
f 560/1176/560 552/1191/552 583/1240/583
vt 0.1494402289390564 0.4900570213794708
f 524/1120/524 563/1178/563 592/1241/592
vt 0.1191108748316765 0.4851483106613159
f 524/1120/524 574/1242/574 536/1177/536
vt 0.1891996860504150 0.1394729018211365
f 547/1217/547 593/1231/593 567/1243/567
vt 0.4838723242282867 0.1471894830465317
f 598/1244/598 561/1200/561 577/1239/577
vt 0.6312204599380493 0.6980739831924438
f 546/1228/546 587/1230/587 545/1245/545
vt 0.6688075065612793 0.1761328577995300
f 553/1226/553 543/1182/543 575/1246/575
vt 0.2185560613870621 0.2226061373949051
vt 0.2353218048810959 0.2266459465026855
f 551/1214/551 605/1247/605 618/1248/618
vt 0.1784291565418243 0.1462936103343964
f 547/1217/547 567/1243/567 549/1249/549
vt 0.9689319729804993 0.6566359400749207
vt 0.9797828197479248 0.6686960458755493
vt 0.9762780666351318 0.6831970810890198
f 569/1250/569 599/1251/599 556/1252/556
f 594/1202/594 605/1247/605 551/1214/551
vt 0.2454255372285843 0.2526433765888214
vt 0.2697704434394836 0.2700947225093842
vt 0.2452408075332642 0.2686315774917603
f 531/1253/531 595/1254/595 558/1255/558
vt 0.8762798309326172 0.7611486911773682
f 555/1164/555 570/1256/570 603/1232/603
vt 0.7937645912170410 1.0033969879150391
vt 0.8154971599578857 0.9682623147964478
vt 0.8244982361793518 1.0137286186218262
f 548/1257/548 588/1258/588 568/1259/568
vt 0.6975467205047607 0.6947937607765198
vt 0.7244367003440857 0.6966489553451538
vt 0.6989396810531616 0.7148110866546631
f 516/1260/516 571/1261/571 607/1262/607
vt 0.6809274554252625 0.7030315995216370
f 523/1229/523 576/1263/576 587/1230/587
vt 0.2566601037979126 0.2302794605493546
vt 0.2727035880088806 0.2465851753950119
f 531/1253/531 598/1264/598 643/1265/643
vt 0.2480673789978027 0.2891722321510315
f 569/1266/569 558/1255/558 595/1254/595
vt 0.1664070636034012 0.2122134119272232
f 566/1197/566 553/1193/553 614/1267/614
f 560/1176/560 583/1240/583 593/1231/593
vt 0.3315951228141785 0.9631714820861816
f 565/1207/565 539/1167/539 589/1268/589
vt 0.9153524041175842 0.7578418850898743
f 529/1159/529 603/1232/603 572/1269/572
vt 0.7889243960380554 0.9807989001274109
vt 0.7996735572814941 0.9743732810020447
f 548/1257/548 556/1270/556 578/1271/578
vt 0.8325611352920532 0.9852471947669983
f 573/1272/573 568/1259/568 588/1258/588
vt 0.1306964010000229 0.2094459533691406
f 583/1238/583 566/1197/566 581/1273/581
f 531/1253/531 643/1265/643 595/1254/595
vt 0.6719075441360474 0.8802007436752319
f 563/1137/563 554/1174/554 596/1274/596
vt 0.1298258751630783 0.4962044060230255
f 574/1242/574 524/1120/524 606/1275/606
f 548/1257/548 578/1271/578 588/1258/588
vt 0.8498219251632690 0.9913918375968933
vt 0.8526523113250732 0.9646179676055908
f 570/1276/570 573/1272/573 580/1277/580
vt 0.1739226877689362 0.2042974382638931
f 553/1193/553 584/1278/584 614/1267/614
vt 0.6656805276870728 0.1943740695714951
f 553/1226/553 575/1246/575 584/1279/584
f 524/1120/524 592/1241/592 606/1275/606
vt 0.4636642932891846 0.1885370910167694
f 562/1187/562 613/1280/613 577/1239/577
vt 0.6733369827270508 0.1517966985702515
f 543/1182/543 574/1227/574 610/1281/610
vt 0.1695578247308731 0.7976837158203125
f 562/1181/562 557/1208/557 585/1282/585
vt 0.1434286683797836 0.8742336630821228
f 557/1210/557 582/1135/582 600/1283/600
vt 0.7389853000640869 0.7235072851181030
f 571/1261/571 540/1235/540 642/1284/642
vt 0.6746839880943298 0.8600413799285889
f 572/1223/572 627/1285/627 554/1174/554
vt 0.7218978404998779 0.7225151062011719
f 571/1261/571 608/1286/608 607/1262/607
vt 0.6326478719711304 0.7168442606925964
f 545/1245/545 587/1230/587 611/1287/611
vt 0.1429485082626343 0.2128824889659882
f 566/1197/566 609/1288/609 581/1273/581
vt 0.7621697187423706 0.7237802743911743
f 567/1234/567 586/1289/586 540/1235/540
vt 0.1823782175779343 0.2193161696195602
f 565/1224/565 589/1290/589 594/1202/594
vt 0.1653978228569031 0.4948126673698425
f 563/1178/563 646/1291/646 592/1241/592
vt 0.4696449637413025 0.2076567709445953
f 562/1187/562 585/1292/585 613/1280/613
vt 0.8353325128555298 0.9647258520126343
f 573/1272/573 591/1293/591 580/1277/580
vt 0.2750413417816162 0.2932499349117279
f 595/1254/595 599/1294/599 569/1266/569
vt 0.1329446136951447 0.8701671957969666
f 557/1210/557 600/1283/600 634/1295/634
f 516/1260/516 607/1262/607 576/1263/576
vt 0.6726179122924805 0.8996570110321045
f 563/1137/563 596/1274/596 646/1296/646
f 571/1261/571 642/1284/642 608/1286/608
vt 0.1882617771625519 0.8009569644927979
f 557/1208/557 616/1297/616 585/1282/585
vt 0.3339254260063171 0.9476922750473022
f 539/1167/539 619/1298/619 589/1268/589
vt 0.2025695145130157 0.2086695581674576
f 605/1247/605 594/1202/594 632/1299/632
f 588/1258/588 591/1293/591 573/1272/573
f 566/1197/566 614/1267/614 609/1288/609
vt 0.8779764175415039 0.7413707971572876
f 570/1256/570 602/1300/602 603/1232/603
vt 0.6750083565711975 0.1411484181880951
f 574/1227/574 597/1301/597 610/1281/610
vt 0.8612558245658875 0.7451013922691345
f 570/1256/570 580/1302/580 602/1300/602
f 543/1182/543 610/1281/610 575/1246/575
vt 0.2294131964445114 0.6330721378326416
f 545/1203/545 611/1303/611 564/1209/564
f 554/1174/554 627/1285/627 596/1274/596
vt 0.7830572724342346 0.7233966588973999
vt 0.7928290963172913 0.7194100618362427
f 590/1304/590 567/1234/567 604/1305/604
vt 0.1851697266101837 0.6396051645278931
f 579/1236/579 564/1209/564 615/1306/615
vt 0.1112679839134216 0.5008216500282288
f 574/1242/574 606/1275/606 597/1307/597
f 567/1234/567 590/1304/590 586/1289/586
vt 0.2214127779006958 0.6434890627861023
f 611/1303/611 641/1308/641 564/1209/564
f 539/1167/539 579/1220/579 619/1298/619
vt 0.2255338877439499 0.2097531259059906
f 605/1247/605 629/1309/629 618/1248/618
vt 0.6797592043876648 0.1896516382694244
f 584/1279/584 575/1246/575 614/1310/614
vt 0.6498576998710632 0.7230025529861450
f 587/1230/587 639/1311/639 611/1287/611
vt 0.1541912853717804 0.2169940024614334
f 614/1267/614 628/1312/628 609/1288/609
f 642/1284/642 540/1235/540 586/1289/586
vt 0.2094216644763947 0.7991907596588135
f 557/1208/557 634/1313/634 616/1297/616
vt 0.1382801681756973 0.5009760260581970
f 606/1275/606 592/1241/592 601/1314/601
vt 0.1613986045122147 0.8870618343353271
f 582/1135/582 618/1237/618 662/1315/662
vt 0.1876472979784012 0.2022938877344131
f 594/1202/594 589/1290/589 640/1316/640
vt 0.4568635225296021 0.1538438796997070
vt 0.4647977650165558 0.1492240130901337
f 577/1239/577 625/1317/625 598/1318/598
f 582/1135/582 662/1315/662 600/1283/600
vt 0.3299063444137573 0.9186068177223206
vt 0.3470039069652557 0.9237637519836426
f 615/1319/615 617/1320/617 579/1220/579
vt 0.2028503268957138 0.1413760185241699
f 567/1243/567 593/1231/593 604/1321/604
vt 0.4575228989124298 0.1621553450822830
f 577/1239/577 622/1322/622 625/1317/625
vt 0.1932753622531891 0.0945785120129585
vt 0.2140150368213654 0.0992133915424347
f 583/1240/583 581/1323/581 650/1324/650
vt 0.2091594636440277 0.2075203657150269
f 632/1299/632 621/1325/621 605/1247/605
vt 0.1517038643360138 0.5029298067092896
f 646/1291/646 648/1326/648 592/1241/592
f 577/1239/577 613/1280/613 622/1322/622
f 583/1240/583 650/1324/650 593/1231/593
vt 0.2327200323343277 0.6432440280914307
f 611/1303/611 612/1327/612 641/1308/641
vt 0.2711633741855621 0.3133635818958282
vt 0.2798768877983093 0.3149852454662323
f 556/1328/556 599/1294/599 578/1329/578
vt 0.6829985976219177 0.7366104722023010
f 576/1263/576 633/1330/633 587/1230/587
vt 0.7068201899528503 0.7298077940940857
f 607/1262/607 608/1286/608 626/1331/626
vt 0.3340812921524048 0.9471368193626404
f 579/1220/579 617/1320/617 619/1332/619
vt 0.2841262519359589 0.2277205884456635
f 598/1264/598 625/1333/625 643/1265/643
vt 0.9271141290664673 0.7330402731895447
f 572/1269/572 603/1232/603 627/1334/627
f 592/1241/592 648/1326/648 601/1314/601
vt 0.7936122417449951 0.7312238812446594
f 604/1305/604 647/1335/647 590/1304/590
vt 0.6295791268348694 0.7378868460655212
f 611/1287/611 639/1311/639 624/1336/624
f 605/1247/605 621/1325/621 629/1309/629
f 576/1263/576 607/1262/607 633/1330/633
vt 0.9092127680778503 0.7364766597747803
f 603/1232/603 631/1337/631 627/1334/627
vt 0.6276342868804932 0.7277598977088928
f 611/1287/611 624/1336/624 612/1338/612
f 632/1299/632 594/1202/594 640/1316/640
vt 0.2052220255136490 0.6496191024780273
f 564/1209/564 641/1308/641 669/1339/669
vt 0.2867997288703918 0.2566384673118591
f 643/1265/643 623/1340/623 595/1254/595
vt 0.1175707578659058 0.6232824325561523
vt 0.1099575161933899 0.6395912766456604
vt 0.0920773148536682 0.6306567192077637
f 619/1341/619 617/1342/617 670/1343/670
vt 0.0659785345196724 0.5775490999221802
vt 0.0795640423893929 0.5679749846458435
vt 0.0893619358539581 0.5820256471633911
f 634/1344/634 620/1345/620 616/1346/616
vt 0.2833576798439026 0.2748660445213318
vt 0.2838668227195740 0.2871397137641907
f 595/1254/595 623/1347/623 599/1348/599
vt 0.1097885519266129 0.6153527498245239
f 619/1341/619 670/1343/670 589/1349/589
vt 0.8066687583923340 0.0554532185196877
vt 0.7987696528434753 0.0382123328745365
vt 0.8094297647476196 0.0361611880362034
f 575/1350/575 635/1351/635 614/1352/614
vt 0.6411924362182617 0.5614010095596313
vt 0.6358138322830200 0.5360981822013855
vt 0.6671621203422546 0.5384558439254761
f 578/1353/578 599/1354/599 630/1355/630
vt 0.9372547864913940 0.9050868153572083
vt 0.9480660557746887 0.9041931629180908
vt 0.9544074535369873 0.9135655760765076
f 606/1356/606 601/1357/601 648/1358/648
vt 0.0911850854754448 0.1159460470080376
vt 0.0807939916849136 0.1149341389536858
vt 0.0781904458999634 0.0939899981021881
f 618/1359/618 629/1360/629 662/1361/662
vt 0.3420571088790894 0.9071583151817322
vt 0.3199619650840759 0.8859428763389587
vt 0.3427319824695587 0.8762907981872559
f 613/1362/613 677/1363/677 622/1364/622
vt 0.1118380203843117 0.7404252290725708
vt 0.1309497654438019 0.7379447817802429
vt 0.1252525895833969 0.7592598199844360
f 629/1365/629 621/1366/621 636/1367/636
vt 0.9539341926574707 0.7885398864746094
vt 0.9630958437919617 0.8028690218925476
vt 0.9599472880363464 0.8050395250320435
f 669/1368/669 615/1369/615 564/1370/564
vt 0.3439058661460876 0.0721857100725174
vt 0.3345081806182861 0.0678233951330185
vt 0.3448716998100281 0.0536621436476707
f 627/1371/627 631/1372/631 596/1373/596
vt 0.4285395741462708 0.9091496467590332
vt 0.4078315794467926 0.9113860726356506
vt 0.4197752475738525 0.8966072797775269
f 614/1374/614 635/1375/635 628/1376/628
vt 0.5351631045341492 0.3984197974205017
vt 0.5330054163932800 0.3810915052890778
vt 0.5621202588081360 0.3856818974018097
f 586/1377/586 665/1378/665 642/1379/642
vt 0.5772638916969299 0.3899083733558655
vt 0.5955864191055298 0.3739669620990753
vt 0.5995597839355469 0.3958306908607483
f 626/1380/626 637/1381/637 607/1382/607
vt 0.5154402256011963 0.3985225856304169
f 586/1377/586 590/1383/590 665/1378/665
vt 0.5747662186622620 0.4044380187988281
f 608/1384/608 642/1379/642 626/1380/626
vt 0.3254831135272980 0.0488066114485264
vt 0.3409090340137482 0.0323901958763599
f 596/1373/596 655/1385/655 646/1386/646
vt 0.9267007708549500 0.9056923389434814
vt 0.9298850297927856 0.9205794930458069
f 597/1387/597 606/1356/606 653/1388/653
vt 0.1435341238975525 0.7393832206726074
f 621/1366/621 632/1389/632 636/1367/636
vt 0.1125046908855438 0.1321119666099548
vt 0.1091887131333351 0.1481050103902817
vt 0.0901866257190704 0.1315781176090240
f 650/1390/650 668/1391/668 593/1392/593
vt 0.9390881061553955 0.7987217903137207
vt 0.9274705648422241 0.8029662966728210
vt 0.9254248738288879 0.7958061695098877
f 641/1393/641 612/1394/612 624/1395/624
vt 0.1551203280687332 0.7369119524955750
vt 0.1555286794900894 0.7498898506164551
f 640/1396/640 657/1397/657 632/1389/632
vt 0.7681864500045776 0.9216733574867249
vt 0.7551793456077576 0.9225169420242310
vt 0.7573145627975464 0.9096505641937256
f 580/1398/580 672/1399/672 602/1400/602
vt 0.4193915128707886 0.8821869492530823
vt 0.4032977819442749 0.8979536890983582
f 609/1401/609 628/1376/628 664/1402/664
vt 0.6570802330970764 0.6134166717529297
vt 0.6516647934913635 0.5846184492111206
vt 0.6759480237960815 0.5893683433532715
f 591/1403/591 588/1404/588 638/1405/638
vt 0.8071909546852112 0.0789643973112106
vt 0.7901944518089294 0.0618741773068905
vt 0.8164483308792114 0.0692081302404404
f 597/1406/597 658/1407/658 610/1408/610
vt 0.6189678907394409 0.3879337012767792
f 633/1409/633 607/1382/607 637/1381/637
vt 0.3289117813110352 0.8670539259910583
f 622/1364/622 677/1363/677 645/1410/645
f 606/1356/606 648/1358/648 653/1388/653
vt 0.9718225598335266 0.7992628216743469
f 615/1369/615 669/1368/669 617/1411/617
vt 0.3439503312110901 0.8514053821563721
f 622/1364/622 645/1410/645 625/1412/625
f 628/1376/628 635/1375/635 664/1402/664
f 610/1408/610 658/1407/658 575/1350/575
vt 0.5043852329254150 0.3797140419483185
f 590/1383/590 647/1413/647 665/1378/665
vt 0.6749466657638550 0.5607635378837585
f 701/1414/701 578/1353/578 630/1355/630
vt 0.6500788331031799 0.5137887597084045
f 599/1354/599 623/1415/623 630/1355/630
f 632/1389/632 657/1397/657 636/1367/636
vt 0.7847903966903687 0.0788404047489166
f 658/1407/658 597/1406/597 644/1416/644
vt 0.7985435128211975 0.0835326835513115
f 597/1406/597 653/1417/653 644/1416/644
vt 0.7616912126541138 0.8685419559478760
vt 0.7608731389045715 0.8907480835914612
vt 0.7412005066871643 0.8867305517196655
f 631/1418/631 603/1419/603 651/1420/651
vt 0.6422489285469055 0.6255802512168884
vt 0.6742783188819885 0.6256198287010193
f 580/1421/580 591/1403/591 672/1422/672
f 578/1353/578 701/1414/701 588/1404/588
f 596/1373/596 631/1372/631 655/1385/655
vt 0.4024118185043335 0.8764563798904419
vt 0.4172973930835724 0.8678628206253052
f 609/1401/609 650/1423/650 581/1424/581
vt 0.1147354319691658 0.5800843834877014
vt 0.1033480837941170 0.5816296935081482
vt 0.1029381230473518 0.5631917715072632
f 613/1425/613 585/1426/585 675/1427/675
f 609/1401/609 664/1402/664 650/1423/650
vt 0.6331602931022644 0.4047316312789917
vt 0.6455051898956299 0.3715514540672302
vt 0.6529572606086731 0.3909120261669159
f 587/1428/587 649/1429/649 639/1430/639
vt 0.0884451344609261 0.0752340331673622
vt 0.0715904831886292 0.0736009255051613
f 600/1431/600 662/1361/662 654/1432/654
vt 0.6739311218261719 0.5131742954254150
f 630/1355/630 623/1415/623 663/1433/663
vt 0.0773084759712219 0.0634661167860031
f 600/1431/600 654/1432/654 634/1434/634
vt 0.9736045598983765 0.7847533822059631
f 617/1411/617 669/1368/669 652/1435/652
vt 0.0869139730930328 0.1491543799638748
f 667/1436/667 593/1392/593 668/1391/668
vt 0.6559841632843018 0.4912690818309784
f 623/1415/623 643/1437/643 663/1433/663
f 633/1409/633 649/1429/649 587/1428/587
f 635/1351/635 575/1350/575 658/1407/658
vt 0.1493288576602936 0.7701088190078735
f 657/1397/657 684/1438/684 636/1367/636
vt 0.9308847784996033 0.7828159332275391
f 641/1393/641 624/1395/624 682/1439/682
f 588/1404/588 701/1414/701 638/1405/638
f 585/1426/585 616/1346/616 675/1427/675
vt 0.0720765069127083 0.1337525099515915
f 593/1392/593 667/1436/667 604/1440/604
vt 0.6166695952415466 0.3636434674263000
f 637/1381/637 659/1441/659 633/1409/633
vt 0.1085738912224770 0.6022403240203857
f 640/1442/640 589/1349/589 670/1343/670
vt 0.6674965620040894 0.3914677202701569
f 639/1430/639 649/1429/649 624/1443/624
vt 0.9854388833045959 0.9086815714836121
vt 0.9745575189590454 0.9252074956893921
f 646/1444/646 671/1445/671 648/1358/648
vt 0.6551826596260071 0.4696025550365448
vt 0.6795972585678101 0.4891811609268188
f 625/1446/625 676/1447/676 643/1437/643
f 641/1393/641 682/1439/682 669/1368/669
f 616/1346/616 620/1345/620 675/1427/675
vt 0.0968034267425537 0.6427308320999146
f 617/1342/617 652/1448/652 670/1343/670
vt 0.3153597712516785 0.9102222919464111
f 677/1363/677 613/1362/613 675/1449/675
vt 0.6711792945861816 0.3759905695915222
f 624/1443/624 649/1429/649 682/1450/682
vt 0.5740213394165039 0.3624047935009003
f 626/1380/626 642/1379/642 656/1451/656
vt 0.3269926607608795 0.0260298941284418
f 646/1386/646 655/1385/655 671/1452/671
vt 0.0608235970139503 0.1435160040855408
f 604/1440/604 667/1436/667 647/1453/647
vt 0.0673304274678230 0.1154868379235268
f 629/1360/629 660/1454/660 662/1361/662
vt 0.1042139530181885 0.7632277607917786
f 629/1365/629 636/1367/636 660/1455/660
vt 0.0963550135493279 0.5999063849449158
f 670/1343/670 657/1456/657 640/1442/640
f 591/1403/591 638/1405/638 672/1422/672
f 637/1381/637 626/1380/626 656/1451/656
f 643/1437/643 676/1447/676 663/1433/663
vt 0.7763618230819702 0.0486366972327232
f 635/1351/635 658/1407/658 674/1457/674
vt 0.6818964481353760 0.4696281850337982
f 676/1447/676 625/1446/625 680/1458/680
vt 0.9529772996902466 0.9378270506858826
f 648/1358/648 671/1445/671 678/1459/678
vt 0.0637501403689384 0.5580474734306335
f 634/1344/634 654/1460/654 620/1345/620
vt 0.7309294939041138 0.9109066724777222
f 602/1400/602 672/1399/672 694/1461/694
vt 0.7361445426940918 0.8702429533004761
f 651/1420/651 683/1462/683 631/1418/631
f 648/1358/648 678/1459/678 653/1388/653
f 602/1400/602 651/1420/651 603/1419/603
vt 0.3151142597198486 0.0753974840044975
f 655/1385/655 631/1372/631 683/1463/683
vt 0.3180087804794312 0.8505827784538269
f 625/1412/625 645/1410/645 680/1464/680
vt 0.7782387137413025 0.0262448973953724
f 635/1351/635 674/1457/674 706/1465/706
vt 0.6847417950630188 0.5228159427642822
f 663/1433/663 679/1466/679 630/1355/630
vt 0.0741661265492439 0.1696866452693939
f 647/1453/647 667/1436/667 695/1467/695
vt 0.0553866215050220 0.0758609026670456
f 654/1432/654 662/1361/662 687/1468/687
vt 0.5202654004096985 0.3617751300334930
f 647/1413/647 661/1469/661 665/1378/665
f 633/1409/633 659/1441/659 649/1429/649
vt 0.0810694918036461 0.6071598529815674
f 670/1343/670 684/1470/684 657/1456/657
vt 0.9419243335723877 0.7622947096824646
f 669/1368/669 682/1439/682 700/1471/700
vt 0.9671986103057861 0.7707458138465881
f 652/1435/652 669/1368/669 681/1472/681
vt 0.0466635562479496 0.1007040217518806
f 662/1361/662 660/1454/660 707/1473/707
vt 0.3824182450771332 0.9110266566276550
f 664/1402/664 635/1375/635 706/1474/706
vt 0.3027279078960419 0.0362122468650341
f 655/1385/655 705/1475/705 671/1452/671
vt 0.6012091040611267 0.3461515903472900
f 637/1381/637 699/1476/699 659/1441/659
vt 0.0867632776498795 0.6464657783508301
f 652/1448/652 681/1477/681 670/1343/670
vt 0.5521634817123413 0.3576859831809998
f 642/1379/642 665/1378/665 716/1478/716
vt 0.2953712046146393 0.8946147561073303
f 675/1449/675 689/1479/689 677/1363/677
vt 0.7009211182594299 0.6018439531326294
f 638/1405/638 721/1480/721 672/1422/672
vt 0.6878616809844971 0.5345537066459656
f 630/1355/630 679/1466/679 673/1481/673
f 602/1400/602 694/1461/694 651/1420/651
f 642/1379/642 716/1478/716 656/1451/656
f 661/1469/661 716/1478/716 665/1378/665
vt 0.3773931860923767 0.8943055272102356
f 650/1423/650 664/1402/664 666/1482/666
vt 0.3004292845726013 0.8677906990051270
f 645/1410/645 677/1363/677 686/1483/686
vt 0.6895816326141357 0.5503799319267273
f 701/1414/701 630/1355/630 704/1484/704
vt 0.9827570319175720 0.9439372420310974
f 671/1445/671 705/1485/705 678/1459/678
f 644/1416/644 674/1457/674 658/1407/658
vt 0.0998360961675644 0.1697192788124084
f 667/1436/667 668/1391/668 690/1486/690
f 662/1361/662 707/1473/707 687/1468/687
vt 0.9239455461502075 0.9395640492439270
f 653/1388/653 678/1459/678 644/1487/644
f 669/1368/669 700/1471/700 681/1472/681
f 645/1410/645 686/1483/686 680/1464/680
f 664/1402/664 706/1474/706 666/1482/666
vt 0.6563289165496826 0.3588356673717499
f 659/1441/659 682/1488/682 649/1429/649
vt 0.6897830963134766 0.6372407078742981
f 672/1422/672 721/1480/721 694/1489/694
vt 0.0655889883637428 0.5428410768508911
f 654/1460/654 687/1490/687 620/1345/620
vt 0.0891743078827858 0.5371760129928589
f 620/1345/620 693/1491/693 675/1427/675
f 630/1355/630 673/1481/673 704/1484/704
vt 0.0527506470680237 0.1604973375797272
f 647/1453/647 695/1467/695 661/1492/661
vt 0.1056953743100166 0.7764494419097900
f 660/1455/660 636/1367/636 688/1493/688
vt 0.0471760109066963 0.1195762157440186
f 660/1454/660 688/1494/688 707/1473/707
vt 0.0620405897498131 0.6280444860458374
f 670/1343/670 715/1495/715 684/1470/684
vt 0.3145192563533783 0.0755441635847092
vt 0.3012572228908539 0.0620884448289871
f 655/1385/655 683/1496/683 709/1497/709
vt 0.3702939152717590 0.8711435794830322
f 650/1423/650 666/1482/666 685/1498/685
f 637/1381/637 656/1451/656 699/1476/699
vt 0.1218171492218971 0.5474902391433716
f 675/1427/675 693/1491/693 689/1499/689
vt 0.3937148153781891 0.8641073703765869
f 650/1423/650 685/1498/685 668/1500/668
f 620/1345/620 687/1490/687 693/1491/693
vt 0.1150749325752258 0.1709101498126984
f 668/1391/668 685/1501/685 690/1486/690
vt 0.9257054924964905 0.7635531425476074
f 682/1439/682 735/1502/735 700/1471/700
vt 0.9673409461975098 0.7707046866416931
vt 0.9663428664207458 0.7543535828590393
vt 0.9817088246345520 0.7656345963478088
f 681/1503/681 698/1504/698 670/1505/670
vt 0.9278468489646912 0.9497022628784180
f 678/1459/678 717/1506/717 644/1487/644
vt 0.7583341598510742 0.0750008001923561
f 644/1416/644 717/1507/717 674/1457/674
vt 0.8315294384956360 0.7677384614944458
vt 0.8388361334800720 0.7944177985191345
vt 0.8205935359001160 0.8025623559951782
f 716/1508/716 703/1509/703 656/1510/656
f 655/1385/655 709/1497/709 705/1475/705
f 667/1436/667 690/1486/690 695/1467/695
vt 0.1191522479057312 0.7890929579734802
f 688/1493/688 636/1367/636 711/1511/711
vt 0.2955899834632874 0.8502132892608643
f 680/1464/680 686/1483/686 727/1512/727
vt 0.7130783200263977 0.8856476545333862
f 683/1462/683 651/1420/651 737/1513/737
f 677/1363/677 689/1479/689 686/1483/686
vt 0.5585793256759644 0.8512912392616272
vt 0.5605267882347107 0.8337133526802063
vt 0.5788671374320984 0.8527970910072327
f 680/1514/680 727/1515/727 676/1516/676
vt 0.3017135262489319 0.0785708725452423
f 683/1496/683 692/1517/692 709/1497/709
f 636/1367/636 684/1438/684 711/1511/711
vt 0.0336253084242344 0.0792892649769783
f 687/1468/687 707/1473/707 697/1518/697
f 700/1471/700 698/1504/698 681/1472/681
vt 0.9435283541679382 0.9602215886116028
f 717/1506/717 678/1459/678 691/1519/691
vt 0.7566220760345459 0.0336456187069416
vt 0.7529265284538269 0.0520057864487171
f 706/1520/706 674/1457/674 702/1521/702
vt 0.7197858691215515 0.8677053451538086
f 683/1462/683 737/1513/737 692/1522/692
vt 0.1462323367595673 0.7908705472946167
f 684/1438/684 720/1523/720 711/1511/711
vt 0.0635440349578857 0.6068063378334045
f 684/1470/684 715/1495/715 720/1524/720
f 674/1457/674 717/1507/717 702/1521/702
vt 0.8299435973167419 0.8211855292320251
f 656/1510/656 703/1509/703 699/1525/699
vt 0.5714440345764160 0.8266537785530090
f 676/1516/676 727/1515/727 713/1526/713
vt 0.2418377846479416 0.8739591240882874
vt 0.2274045199155807 0.8653053045272827
vt 0.2518413066864014 0.8558429479598999
f 682/1527/682 659/1528/659 735/1529/735
vt 0.5976319313049316 0.8409816026687622
f 676/1516/676 713/1526/713 663/1530/663
vt 0.0887417420744896 0.1858506351709366
f 690/1486/690 749/1531/749 695/1467/695
vt 0.0687065422534943 0.6537600755691528
f 698/1532/698 715/1495/715 670/1343/670
vt 0.9577536582946777 0.0312309209257364
vt 0.9805258512496948 0.0222252905368805
vt 0.9826332926750183 0.0442945621907711
f 721/1533/721 746/1534/746 694/1535/694
vt 0.1969956606626511 0.8658163547515869
vt 0.2205215245485306 0.8444873094558716
f 699/1536/699 730/1537/730 659/1528/659
f 651/1420/651 694/1461/694 737/1513/737
vt 0.0298900064080954 0.1103651076555252
f 707/1473/707 688/1494/688 754/1538/754
vt 0.2031993120908737 0.3534824848175049
vt 0.2219162434339523 0.3588831722736359
vt 0.2068554759025574 0.3622548580169678
f 638/1539/638 744/1540/744 721/1541/721
vt 0.2168274223804474 0.3140918910503387
vt 0.2363025844097137 0.3234719336032867
vt 0.2127429991960526 0.3281854093074799
f 673/1542/673 696/1543/696 704/1544/704
vt 0.9702910780906677 0.9631904363632202
f 705/1485/705 729/1545/729 678/1459/678
vt 0.1011766567826271 0.7888983488082886
f 688/1493/688 711/1511/711 754/1546/754
vt 0.2163689434528351 0.3406185805797577
f 638/1539/638 701/1547/701 744/1540/744
vt 0.1049857661128044 0.1885534524917603
f 690/1486/690 685/1501/685 750/1548/750
f 749/1531/749 690/1486/690 750/1548/750
vt 0.2760392129421234 0.8856056332588196
f 689/1479/689 738/1549/738 686/1483/686
vt 0.0761267095804214 0.1903243362903595
f 749/1531/749 710/1550/710 695/1467/695
vt 0.2843405008316040 0.0691266432404518
f 692/1517/692 731/1551/731 709/1497/709
vt 0.8263030648231506 0.7449747920036316
vt 0.8504213094711304 0.7436035275459290
f 661/1552/661 718/1553/718 716/1508/716
vt 0.9584313631057739 0.9667591452598572
f 729/1545/729 719/1554/719 678/1459/678
vt 0.7075968980789185 0.9100903272628784
f 694/1461/694 746/1555/746 737/1513/737
vt 0.8543834090232849 0.8027475476264954
f 699/1525/699 703/1509/703 751/1556/751
vt 0.8406807780265808 0.7220329046249390
f 661/1552/661 695/1557/695 718/1553/718
f 678/1459/678 719/1554/719 691/1519/691
vt 0.9315276741981506 0.9659038782119751
f 717/1506/717 691/1519/691 742/1558/742
vt 0.0547712631523609 0.6451724767684937
f 715/1495/715 698/1532/698 722/1559/722
vt 0.2828811407089233 0.0474750809371471
f 709/1497/709 759/1560/759 705/1475/705
vt 0.0669937580823898 0.5267493724822998
f 693/1491/693 687/1490/687 724/1561/724
vt 0.2220167517662048 0.3425424098968506
f 704/1544/704 696/1543/696 701/1562/701
vt 0.0345206595957279 0.0668079033493996
f 687/1468/687 697/1518/697 724/1563/724
vt 0.1957517117261887 0.8407828211784363
f 730/1537/730 699/1536/699 756/1564/756
vt 0.6259359121322632 0.8414421081542969
vt 0.6153511404991150 0.8407124280929565
vt 0.6260462999343872 0.8234459161758423
f 673/1565/673 679/1566/679 696/1567/696
vt 0.1317500919103622 0.8000239133834839
f 720/1523/720 712/1568/712 711/1511/711
vt 0.1979780644178391 0.8183127045631409
f 730/1537/730 756/1564/756 723/1569/723
vt 0.2800337970256805 0.8710762858390808
f 686/1483/686 738/1549/738 708/1570/708
vt 0.1144288927316666 0.5228917002677917
f 693/1491/693 738/1571/738 689/1499/689
vt 0.8519156575202942 0.8234663009643555
f 699/1525/699 751/1556/751 756/1572/756
vt 0.5999536514282227 0.8231665492057800
f 679/1566/679 736/1573/736 696/1567/696
vt 0.1063247770071030 0.8006736636161804
f 754/1546/754 711/1511/711 740/1574/740
vt 0.9187977313995361 0.7394168972969055
f 735/1502/735 714/1575/714 700/1471/700
vt 0.1031708642840385 0.5240088105201721
f 693/1491/693 755/1576/755 738/1571/738
vt 0.3469627201557159 0.8925139904022217
f 685/1498/685 666/1482/666 765/1577/765
f 679/1566/679 663/1530/663 736/1573/736
f 659/1528/659 730/1537/730 735/1529/735
f 663/1530/663 713/1526/713 736/1573/736
vt 0.9430184960365295 0.7395879626274109
f 698/1504/698 700/1471/700 728/1578/728
vt 0.2792893648147583 0.8606867194175720
f 686/1483/686 747/1579/747 727/1512/727
vt 0.7077355980873108 0.8677644729614258
f 692/1522/692 737/1513/737 731/1580/731
vt 0.9662749767303467 0.7405468821525574
f 698/1504/698 728/1578/728 722/1581/722
f 686/1483/686 708/1570/708 747/1579/747
vt 0.1177412793040276 0.1942367404699326
f 750/1548/750 685/1501/685 741/1582/741
f 700/1471/700 714/1575/714 728/1578/728
vt 0.0168198179453611 0.0774697437882423
f 724/1563/724 697/1518/697 739/1583/739
vt 0.7368848323822021 0.0754792690277100
f 702/1521/702 717/1507/717 748/1584/748
vt 0.8567949533462524 0.7297284603118896
f 718/1553/718 695/1557/695 725/1585/725
vt 0.2845165729522705 0.0299654398113489
f 705/1475/705 759/1560/759 729/1586/729
vt 0.7497704029083252 0.0876056626439095
f 717/1507/717 742/1587/742 748/1584/748
vt 0.1494828909635544 0.8019143342971802
f 712/1568/712 720/1523/720 726/1588/726
vt 0.3661816418170929 0.9169582128524780
f 666/1482/666 706/1589/706 765/1577/765
vt 0.1193808987736702 0.8033875823020935
f 711/1511/711 712/1568/712 760/1590/760
vt 0.0624143444001675 0.1944662928581238
f 695/1467/695 710/1550/710 725/1591/725
vt 0.0431147739291191 0.6415221691131592
f 715/1495/715 722/1559/722 733/1592/733
vt 0.0603825896978378 0.5205394029617310
vt 0.0672196894884109 0.5184566974639893
f 739/1593/739 758/1594/758 724/1561/724
f 724/1561/724 758/1594/758 693/1491/693
vt 0.0518132448196411 0.6018760800361633
f 720/1524/720 715/1495/715 726/1595/726
vt 0.7349842190742493 0.0360252149403095
f 702/1521/702 780/1596/780 706/1520/706
vt 0.8593454360961914 0.7698692083358765
f 703/1509/703 716/1508/716 786/1597/786
f 760/1590/760 740/1574/740 711/1511/711
f 718/1553/718 786/1597/786 716/1508/716
vt 0.5866304636001587 0.8036555647850037
f 713/1526/713 743/1598/743 736/1573/736
vt 0.0818683803081512 0.5180477499961853
f 693/1491/693 758/1594/758 732/1599/732
f 707/1473/707 754/1538/754 697/1518/697
f 709/1497/709 731/1551/731 759/1560/759
vt 0.9594625234603882 0.0102199930697680
f 746/1534/746 721/1533/721 763/1600/763
f 755/1576/755 693/1491/693 732/1599/732
vt 0.1584085226058960 0.0263104680925608
vt 0.1391803920269012 0.0457230247557163
vt 0.1347139179706573 0.0289506856352091
f 696/1601/696 744/1602/744 701/1603/701
vt 0.2835696339607239 0.8453955054283142
f 727/1512/727 747/1579/747 713/1604/713
vt 0.2611037194728851 0.8394489288330078
f 735/1529/735 730/1537/730 714/1605/714
f 703/1509/703 786/1597/786 751/1556/751
vt 0.3499178290367126 0.8662914633750916
f 685/1498/685 765/1577/765 741/1606/741
vt 0.8877273797988892 0.1027243509888649
vt 0.9098479747772217 0.1000176370143890
vt 0.9134373068809509 0.1163604184985161
f 729/1607/729 779/1608/779 719/1609/719
vt 0.9730895161628723 0.0091731725260615
f 746/1534/746 763/1600/763 766/1610/766
vt 0.5317568182945251 0.0326103083789349
vt 0.5553486943244934 0.0534184463322163
vt 0.5353432297706604 0.0480433255434036
f 740/1611/740 745/1612/745 754/1613/754
vt 0.9582177996635437 0.1255053430795670
vt 0.9830282926559448 0.1256836950778961
vt 0.9677615761756897 0.1395634710788727
f 737/1614/737 746/1615/746 785/1616/785
vt 0.5087679624557495 0.9493978619575500
vt 0.5242236852645874 0.9502043724060059
vt 0.5068129301071167 0.9655646085739136
f 755/1617/755 767/1618/767 738/1619/738
vt 0.5236887931823730 0.0621642507612705
vt 0.5348132252693176 0.0683818534016609
f 697/1620/697 754/1613/754 739/1621/739
vt 0.3649631738662720 0.1283389329910278
vt 0.3443198204040527 0.1119838729500771
vt 0.3577323853969574 0.1100762784481049
f 726/1622/726 757/1623/757 712/1624/712
vt 0.6454454660415649 0.7330305576324463
vt 0.6492001414299011 0.7576294541358948
vt 0.6216493844985962 0.7458670735359192
f 696/1625/696 753/1626/753 744/1627/744
vt 0.1233293563127518 0.6323113441467285
vt 0.1359392106533051 0.6276234388351440
vt 0.1297276169061661 0.6367824077606201
f 780/1628/780 765/1629/765 706/1630/706
vt 0.6356071233749390 0.4971731007099152
vt 0.6257706284523010 0.5339246392250061
vt 0.6154685616493225 0.5102276802062988
f 730/1631/730 723/1632/723 769/1633/769
vt 0.9411330223083496 0.1153284832835197
vt 0.9257918596267700 0.1155989840626717
vt 0.9353327751159668 0.0992880240082741
f 742/1634/742 691/1635/691 748/1636/748
vt 0.5259068608283997 0.1322887539863586
vt 0.5544554591178894 0.1317208707332611
vt 0.5417223572731018 0.1420859843492508
f 710/1637/710 782/1638/782 725/1639/725
vt 0.6461953520774841 0.6148859858512878
vt 0.6292202472686768 0.6338152885437012
vt 0.6192671060562134 0.6113018989562988
f 718/1640/718 725/1641/725 771/1642/771
vt 0.1574382483959198 0.6184138059616089
vt 0.1668754518032074 0.6316052079200745
f 765/1629/765 772/1643/772 741/1644/741
f 719/1609/719 779/1608/779 691/1635/691
vt 0.6522397994995117 0.9565482735633850
vt 0.6316552758216858 0.9383283257484436
vt 0.6465792059898376 0.9310367107391357
f 733/1645/733 792/1646/792 715/1647/715
vt 0.3360172510147095 0.1243482977151871
f 757/1623/757 726/1622/726 791/1648/791
vt 0.8392974138259888 0.9017821550369263
vt 0.8380117416381836 0.9229818582534790
vt 0.8196392059326172 0.9095976948738098
f 721/1649/721 778/1650/778 763/1651/763
vt 0.6259113550186157 0.5807574391365051
f 718/1640/718 771/1642/771 786/1652/786
vt 0.6710590720176697 0.7285614013671875
f 696/1625/696 736/1653/736 753/1626/753
vt 0.8600010871887207 0.9072355628013611
f 721/1649/721 744/1654/744 778/1650/778
vt 0.0392560809850693 0.1432915776968002
vt 0.0544966273009777 0.1490093916654587
vt 0.0376568697392941 0.1632176339626312
f 731/1655/731 770/1656/770 752/1657/752
vt 0.0238733869045973 0.1509091705083847
f 731/1655/731 752/1657/752 759/1658/759
vt 0.0114821027964354 0.5247061848640442
vt 0.0374472737312317 0.5186039209365845
vt 0.0403573326766491 0.5298694968223572
f 722/1659/722 728/1660/728 761/1661/761
f 691/1635/691 779/1608/779 748/1636/748
vt 0.5363343358039856 0.1196258887648582
f 710/1637/710 749/1662/749 782/1638/782
vt 0.5125430226325989 0.9740230441093445
f 738/1619/738 767/1618/767 734/1663/734
vt 0.3529417216777802 0.0926918387413025
f 712/1624/712 757/1623/757 760/1664/760
vt 0.6544726490974426 0.9179587364196777
vt 0.6376076340675354 0.9050009846687317
f 726/1665/726 715/1647/715 791/1666/791
vt 0.2000529915094376 0.9394084215164185
vt 0.2108273804187775 0.9485783576965332
vt 0.1840279549360275 0.9571284651756287
f 748/1667/748 781/1668/781 702/1669/702
vt 0.6404320001602173 0.0193578526377678
vt 0.6535528302192688 0.0218461900949478
vt 0.6322315931320190 0.0468809679150581
f 708/1670/708 738/1671/738 762/1672/762
vt 0.6483398675918579 0.5569234490394592
vt 0.6367474198341370 0.5345290899276733
f 751/1673/751 723/1632/723 756/1674/756
vt 0.6874761581420898 0.7509958744049072
f 736/1653/736 743/1675/743 753/1626/753
vt 0.0549806579947472 0.5196601152420044
f 714/1676/714 761/1661/761 728/1660/728
vt 0.9449203014373779 0.1349434107542038
vt 0.9460837841033936 0.1251480281352997
f 737/1614/737 770/1677/770 731/1678/731
vt 0.2039890587329865 0.9727758169174194
f 781/1668/781 780/1679/780 702/1669/702
vt 0.5418322086334229 0.0315275527536869
f 740/1611/740 760/1680/760 745/1612/745
vt 0.5355418920516968 0.0815648213028908
vt 0.5554564595222473 0.0782321766018867
f 758/1681/758 739/1621/739 787/1682/787
vt 0.6261594295501709 0.0244671422988176
f 708/1670/708 762/1672/762 747/1683/747
vt 0.6110234260559082 0.4851682186126709
vt 0.6352915763854980 0.4732267260551453
f 730/1631/730 768/1684/768 714/1685/714
f 739/1621/739 754/1613/754 745/1612/745
vt 0.6410115957260132 0.9711647033691406
vt 0.6306747198104858 0.9571130275726318
f 733/1645/733 722/1686/722 764/1687/764
f 737/1614/737 785/1616/785 770/1677/770
vt 0.9900867938995361 0.1370992958545685
f 746/1615/746 766/1688/766 785/1616/785
f 733/1645/733 764/1687/764 792/1646/792
vt 0.5128753185272217 0.9310154914855957
f 755/1617/755 732/1689/732 767/1618/767
vt 0.3361592590808868 0.0897343680262566
f 760/1664/760 757/1623/757 777/1690/777
vt 0.5117716193199158 0.9165980219841003
vt 0.5331892371177673 0.9138421416282654
f 758/1691/758 787/1692/787 732/1689/732
vt 0.6202200651168823 0.4540352821350098
f 761/1693/761 714/1685/714 768/1684/768
vt 0.6112871170043945 0.0220443587750196
vt 0.6140356063842773 0.0396807976067066
f 713/1694/713 747/1683/747 775/1695/775
vt 0.6054733395576477 0.5581080317497253
f 786/1652/786 798/1696/798 751/1673/751
vt 0.0169044658541679 0.5490414500236511
f 761/1661/761 808/1697/808 722/1659/722
f 739/1621/739 745/1612/745 787/1682/787
vt 0.6605033874511719 0.0305491629987955
f 738/1671/738 734/1698/734 762/1672/762
vt 0.8605282902717590 0.9338638782501221
f 744/1654/744 789/1699/789 778/1650/778
vt 0.5545687079429626 0.0274769924581051
f 760/1680/760 777/1700/777 745/1612/745
f 751/1673/751 798/1696/798 723/1632/723
vt 0.5327818393707275 0.9644646644592285
f 767/1618/767 773/1701/773 734/1663/734
vt 0.6187210083007812 0.7690823674201965
f 744/1627/744 753/1626/753 789/1702/789
vt 0.5416125655174255 0.1064821779727936
f 749/1662/749 750/1703/750 782/1638/782
f 730/1631/730 769/1633/769 768/1684/768
vt 0.6040004491806030 0.5904486775398254
f 771/1642/771 774/1704/774 786/1652/786
vt 0.8017641901969910 0.9231467843055725
f 763/1651/763 778/1650/778 766/1705/766
vt 0.6567471027374268 0.0410030707716942
f 734/1698/734 773/1706/773 762/1672/762
f 715/1647/715 792/1646/792 791/1666/791
vt 0.0545745417475700 0.1706378310918808
f 770/1656/770 776/1707/776 752/1657/752
vt 0.9831625819206238 0.1527387797832489
f 785/1616/785 766/1688/766 800/1708/800
vt 0.1660857945680618 0.5996504426002502
vt 0.1783497780561447 0.6168161034584045
f 772/1643/772 783/1709/783 741/1710/741
vt 0.1280714869499207 0.6011174321174622
f 765/1629/765 801/1711/801 772/1643/772
f 747/1683/747 762/1672/762 775/1695/775
vt 0.5380522012710571 0.0913497954607010
vt 0.5623761415481567 0.0799380764365196
f 750/1703/750 741/1712/741 783/1713/783
vt 0.6793969273567200 0.7728109359741211
f 743/1675/743 784/1714/784 753/1626/753
f 732/1689/732 787/1692/787 767/1618/767
vt 0.0429757982492447 0.5568699240684509
f 761/1661/761 832/1715/832 808/1697/808
vt 0.0030135328415781 0.5391359925270081
f 722/1659/722 808/1697/808 764/1716/764
f 757/1623/757 791/1648/791 777/1690/777
vt 0.5520531535148621 0.9432736635208130
f 767/1618/767 787/1692/787 826/1717/826
vt 0.8130578994750977 0.9424756765365601
f 778/1650/778 803/1718/803 766/1705/766
vt 0.2374062389135361 0.9560077786445618
f 780/1679/780 781/1668/781 799/1719/799
vt 0.5684897899627686 0.1010358184576035
f 783/1713/783 819/1720/819 750/1703/750
vt 0.6205189228057861 0.6344020962715149
vt 0.6003556847572327 0.6167850494384766
f 771/1642/771 725/1721/725 788/1722/788
vt 0.8994678258895874 0.0784841701388359
f 729/1607/729 796/1723/796 779/1608/779
vt 0.5990338921546936 0.5312291383743286
f 723/1632/723 828/1724/828 769/1633/769
vt 0.9429581165313721 0.1505923122167587
f 770/1677/770 785/1616/785 776/1725/776
vt 0.6688985228538513 0.7783283591270447
f 753/1626/753 784/1714/784 790/1726/790
vt 0.9207395315170288 0.0674742758274078
f 748/1636/748 779/1608/779 811/1727/811
vt 0.0102535905316472 0.1556580215692520
f 759/1658/759 752/1657/752 729/1728/729
vt 0.2109507471323013 0.9813128113746643
vt 0.2301303297281265 0.9798233509063721
f 765/1729/765 780/1679/780 801/1730/801
vt 0.0225163660943508 0.1878227144479752
f 752/1657/752 806/1731/806 729/1728/729
vt 0.9425105452537537 0.0828413739800453
vt 0.9472973346710205 0.0900079682469368
f 748/1636/748 793/1732/793 781/1733/781
vt 0.6408367753028870 0.7789388298988342
f 789/1702/789 753/1626/753 812/1734/812
vt 0.5582435131072998 0.1449734270572662
f 725/1639/725 782/1638/782 788/1735/788
vt 0.1447757482528687 0.5943896174430847
f 772/1643/772 801/1711/801 795/1736/795
vt 0.2275564372539520 0.9339441061019897
f 781/1668/781 793/1737/793 799/1719/799
f 772/1643/772 795/1736/795 783/1709/783
vt 0.6657851338386536 0.0605404265224934
f 773/1706/773 840/1738/840 762/1672/762
vt 0.3198900818824768 0.0971655547618866
f 777/1690/777 791/1648/791 810/1739/810
f 723/1632/723 798/1696/798 828/1724/828
vt 0.5980949401855469 0.4683935046195984
f 761/1693/761 768/1684/768 820/1740/820
vt 0.0639575496315956 0.5625962018966675
f 761/1661/761 820/1741/820 832/1715/832
vt 0.5705031752586365 0.0338206775486469
f 745/1612/745 777/1700/777 810/1742/810
vt 0.6186101436614990 0.9179545044898987
f 791/1666/791 792/1646/792 794/1743/794
f 780/1679/780 799/1719/799 801/1730/801
vt 0.9424309134483337 0.0824559703469276
f 748/1636/748 811/1727/811 793/1744/793
f 750/1703/750 819/1720/819 782/1638/782
f 771/1642/771 788/1722/788 774/1704/774
vt 0.9614045023918152 0.1665115356445312
f 785/1616/785 809/1745/809 776/1725/776
vt 0.1382359117269516 0.9827158451080322
vt 0.1216969564557076 0.9919150471687317
vt 0.1238845810294151 0.9827775955200195
f 775/1746/775 743/1747/743 713/1748/713
vt 0.8317284584045410 0.9454443454742432
f 778/1650/778 814/1749/814 803/1718/803
vt 0.5878285169601440 0.5741770267486572
f 786/1652/786 774/1704/774 818/1750/818
f 786/1652/786 818/1750/818 798/1696/798
f 778/1650/778 789/1699/789 814/1749/814
vt 0.6477962732315063 0.0591754131019115
f 762/1672/762 840/1738/840 807/1751/807
vt 0.7796769738197327 0.9416686296463013
f 766/1705/766 803/1718/803 800/1752/800
vt 0.6556692123413086 0.7821647524833679
f 753/1626/753 816/1753/816 812/1734/812
vt 0.5769946575164795 0.1210518181324005
f 782/1638/782 819/1720/819 822/1754/822
f 790/1726/790 816/1753/816 753/1626/753
f 767/1618/767 826/1717/826 773/1701/773
vt 0.6029388904571533 0.9316014051437378
f 792/1646/792 764/1687/764 797/1755/797
vt 0.0076535125263035 0.1783196032047272
f 729/1728/729 806/1731/806 796/1756/796
vt 0.5815665125846863 0.0446019917726517
f 745/1612/745 810/1742/810 835/1757/835
f 800/1708/800 809/1745/809 785/1616/785
vt 0.6083676218986511 0.9576383829116821
f 764/1687/764 805/1758/805 797/1755/797
vt 0.6181674599647522 0.9704567193984985
f 764/1687/764 808/1759/808 805/1758/805
vt 0.6032497882843018 0.0682733133435249
f 775/1695/775 762/1672/762 743/1760/743
vt 0.0498146153986454 0.1836640387773514
f 752/1657/752 776/1707/776 804/1761/804
f 769/1633/769 828/1724/828 768/1684/768
vt 0.9394664168357849 0.1651113182306290
f 776/1725/776 809/1745/809 804/1762/804
f 752/1657/752 804/1761/804 806/1731/806
f 792/1646/792 797/1755/797 794/1743/794
f 779/1608/779 796/1723/796 811/1727/811
vt 0.5793530941009521 0.3075984418392181
vt 0.5721574425697327 0.3193816840648651
vt 0.5556086301803589 0.3111949563026428
f 784/1763/784 823/1764/823 790/1765/790
vt 0.5805950164794922 0.0780492350459099
f 787/1682/787 745/1612/745 802/1766/802
vt 0.3209228813648224 0.1328150480985641
vt 0.3143170475959778 0.1276352256536484
f 791/1648/791 794/1767/794 817/1768/817
vt 0.0423223562538624 0.1987599730491638
f 806/1731/806 804/1761/804 824/1769/824
f 817/1768/817 810/1739/810 791/1648/791
vt 0.9428236484527588 0.0662879347801208
f 811/1727/811 825/1770/825 793/1744/793
vt 0.2444795072078705 0.9377183318138123
f 799/1719/799 793/1737/793 825/1771/825
vt 0.5530076622962952 0.9703050255775452
f 773/1701/773 826/1717/826 840/1772/840
vt 0.4309462606906891 0.5043677091598511
vt 0.4344319999217987 0.5233298540115356
vt 0.4174433350563049 0.5164799094200134
f 788/1773/788 782/1774/782 815/1775/815
vt 0.0076587311923504 0.1900736689567566
f 796/1756/796 806/1731/806 813/1776/813
vt 0.6076745986938477 0.9142813682556152
f 794/1743/794 797/1755/797 817/1777/817
vt 0.1591714471578598 0.5763990283012390
vt 0.1737846434116364 0.5853267908096313
f 783/1709/783 831/1778/831 819/1779/819
vt 0.5974956750869751 0.3230099081993103
f 784/1763/784 743/1780/743 823/1764/823
vt 0.6410145759582520 0.0775927305221558
f 762/1672/762 807/1751/807 845/1781/845
vt 0.5855278372764587 0.0613720081746578
f 745/1612/745 835/1757/835 844/1782/844
vt 0.5963650941848755 0.9550080895423889
f 805/1758/805 838/1783/838 797/1755/797
vt 0.3037904202938080 0.1041607633233070
f 817/1768/817 821/1784/821 810/1739/810
vt 0.4235395789146423 0.4298714399337769
vt 0.4083473086357117 0.4152171313762665
vt 0.4302309751510620 0.3956967592239380
f 828/1785/828 848/1786/848 768/1787/768
vt 0.9832853078842163 0.1795501708984375
f 800/1708/800 834/1788/834 809/1745/809
vt 0.4409094750881195 0.3013830482959747
vt 0.4583214819431305 0.3127141296863556
vt 0.4404455721378326 0.3241859972476959
f 800/1789/800 803/1790/803 834/1791/834
f 745/1612/745 844/1782/844 802/1766/802
vt 0.5904616713523865 0.1367000788450241
f 782/1638/782 822/1754/822 815/1792/815
f 795/1736/795 831/1778/831 783/1709/783
vt 0.4327671229839325 0.4518593549728394
vt 0.4231623411178589 0.4771271347999573
vt 0.4080784618854523 0.4550065398216248
f 798/1793/798 818/1794/818 847/1795/847
vt 0.0256987605243921 0.5757529139518738
f 808/1697/808 832/1715/832 856/1796/856
vt 0.4812724590301514 0.3125403821468353
vt 0.4801580905914307 0.3348852992057800
f 803/1790/803 814/1797/814 850/1798/850
vt 0.5872339606285095 0.3353342115879059
f 743/1780/743 846/1799/846 823/1764/823
vt 0.0107394428923726 0.5732773542404175
vt -0.0005454605561681 0.5674927830696106
f 808/1697/808 838/1800/838 805/1801/805
vt 0.5543257594108582 0.3359398841857910
vt 0.5449591875076294 0.3146321773529053
f 790/1765/790 841/1802/841 816/1803/816
vt 0.8972854018211365 0.0565278828144073
f 796/1723/796 813/1804/813 811/1727/811
vt 0.4342457652091980 0.4882857203483582
f 774/1805/774 788/1773/788 818/1794/818
vt 0.0657524839043617 0.2005788534879684
f 868/1806/868 824/1769/824 804/1761/804
vt 0.9434157609939575 0.1834776401519775
f 804/1762/804 809/1745/809 868/1807/868
f 823/1764/823 841/1802/841 790/1765/790
vt 0.9633702635765076 0.1841657459735870
f 809/1745/809 834/1788/834 843/1808/843
vt 0.5077283382415771 0.3184231221675873
f 789/1809/789 850/1798/850 814/1797/814
vt 0.4073621332645416 0.3860295414924622
vt 0.4243503808975220 0.3684105277061462
f 768/1787/768 882/1810/882 820/1811/820
vt 0.4562934041023254 0.3344223201274872
f 803/1790/803 864/1812/864 834/1791/834
vt 0.5631064772605896 0.9167900681495667
f 787/1692/787 802/1813/802 826/1717/826
vt 0.3028961420059204 0.0852966755628586
f 810/1739/810 821/1784/821 835/1814/835
vt 0.5304507613182068 0.3148643970489502
f 816/1803/816 841/1802/841 812/1815/812
vt 0.1257844269275665 0.5762233734130859
f 801/1711/801 851/1816/851 795/1736/795
f 808/1697/808 856/1796/856 838/1800/838
vt 0.0157790593802929 0.2048809826374054
f 813/1776/813 806/1731/806 829/1817/829
f 803/1790/803 850/1798/850 864/1812/864
f 848/1786/848 882/1810/882 768/1787/768
vt 0.3004994392395020 0.1280547082424164
f 817/1768/817 861/1818/861 821/1784/821
vt 0.6193375587463379 0.0764796286821365
f 762/1672/762 860/1819/860 743/1760/743
vt 0.5801297426223755 0.9491322636604309
f 797/1755/797 838/1783/838 862/1820/862
f 860/1819/860 762/1672/762 845/1781/845
vt 0.6655061244964600 0.0677817091345787
f 840/1821/840 845/1781/845 807/1751/807
vt 0.5894411206245422 0.0909469351172447
vt 0.5915075540542603 0.1031297370791435
f 819/1720/819 839/1822/839 874/1823/874
f 819/1720/819 874/1823/874 822/1754/822
f 798/1793/798 847/1795/847 828/1785/828
vt 0.2532518208026886 0.9801034331321716
f 799/1719/799 851/1824/851 801/1730/801
vt 0.5051668286323547 0.3415606915950775
f 789/1809/789 849/1825/849 850/1798/850
vt 0.1708886325359344 0.5700682401657104
f 819/1779/819 831/1778/831 839/1826/839
vt 0.1389752328395844 0.5712746381759644
f 795/1736/795 830/1827/830 831/1778/831
vt 0.4026574790477753 0.4998086988925934
f 788/1773/788 827/1828/827 818/1794/818
vt 0.5943812727928162 0.0743106380105019
f 844/1782/844 842/1829/842 802/1766/802
vt 0.5936822295188904 0.1231768280267715
f 822/1754/822 859/1830/859 815/1792/815
vt 0.5704065561294556 0.9678838849067688
f 840/1772/840 826/1717/826 867/1831/867
vt 0.5899384021759033 0.9142740368843079
f 817/1777/817 797/1755/797 861/1832/861
vt 0.5712445974349976 0.9276424646377563
vt 0.5704888701438904 0.9416576623916626
f 826/1717/826 842/1833/842 866/1834/866
f 826/1717/826 802/1813/802 842/1833/842
f 795/1736/795 851/1816/851 830/1827/830
vt 0.5300735831260681 0.3442092835903168
f 812/1815/812 841/1802/841 855/1835/855
f 812/1815/812 855/1835/855 789/1809/789
vt 0.9410601258277893 0.0518120378255844
f 811/1727/811 870/1836/870 825/1770/825
f 822/1754/822 874/1823/874 859/1830/859
f 788/1773/788 815/1775/815 827/1828/827
f 868/1807/868 809/1745/809 843/1808/843
vt 0.2941736876964569 0.0876530632376671
f 821/1784/821 833/1837/833 835/1814/835
vt 0.4005884230136871 0.4784824550151825
f 847/1795/847 818/1794/818 836/1838/836
vt 0.0519534423947334 0.5823963284492493
f 820/1741/820 865/1839/865 832/1715/832
vt 0.2674298286437988 0.9399621486663818
f 825/1771/825 870/1840/870 799/1719/799
vt 0.4417589008808136 0.3424863219261169
f 834/1791/834 864/1812/864 869/1841/869
vt 0.0541853569447994 0.2082060575485229
f 868/1806/868 837/1842/837 824/1769/824
vt 0.2665197849273682 0.9577707052230835
f 851/1824/851 799/1719/799 906/1843/906
f 823/1764/823 846/1799/846 841/1802/841
vt 0.2943441867828369 0.1325815171003342
vt 0.2932506799697876 0.1275455504655838
f 863/1844/863 889/1845/889 861/1818/861
vt 0.0402871854603291 0.5830877423286438
f 856/1796/856 832/1715/832 875/1846/875
vt 0.2932319641113281 0.1379772871732712
f 861/1818/861 857/1847/857 863/1844/863
f 789/1809/789 855/1835/855 849/1825/849
vt 0.0089995590969920 0.2083541899919510
vt 0.0028549933340400 0.2052304893732071
f 829/1817/829 883/1848/883 813/1849/813
vt 0.5738079547882080 0.9556089043617249
f 826/1717/826 866/1834/866 873/1850/873
vt 0.3908164501190186 0.3696708679199219
f 820/1811/820 882/1810/882 865/1851/865
f 867/1831/867 826/1717/826 873/1850/873
vt 0.2861438393592834 0.1101472526788712
f 821/1784/821 861/1818/861 876/1852/876
vt 0.2867287695407867 0.0952771455049515
f 821/1784/821 872/1853/872 833/1837/833
vt 0.3958826363086700 0.4335784614086151
f 847/1795/847 890/1854/890 828/1785/828
vt 0.5828350782394409 0.9278448820114136
f 797/1755/797 871/1855/871 861/1832/861
f 828/1785/828 890/1854/890 848/1786/848
vt 0.1287830322980881 0.5672169923782349
f 830/1827/830 851/1816/851 858/1856/858
vt 0.6022838950157166 0.1153227388858795
f 859/1830/859 874/1823/874 880/1857/880
vt 0.5958026647567749 0.0416271649301052
f 835/1757/835 833/1858/833 844/1782/844
f 818/1794/818 827/1828/827 836/1838/836
f 806/1731/806 824/1769/824 829/1817/829
vt 0.5456475019454956 0.3543804883956909
f 841/1802/841 878/1859/878 855/1835/855
vt 0.9154226183891296 0.0452687405049801
f 811/1727/811 813/1804/813 852/1860/852
f 832/1715/832 865/1839/865 875/1846/875
vt 0.9252376556396484 0.0528334379196167
f 811/1727/811 852/1861/852 870/1836/870
vt 0.4026867747306824 0.5244584083557129
vt 0.3995341956615448 0.5148622989654541
f 815/1775/815 859/1862/859 854/1863/854
f 906/1843/906 799/1719/799 870/1840/870
f 821/1784/821 876/1852/876 872/1853/872
f 797/1755/797 862/1820/862 871/1855/871
f 815/1775/815 854/1863/854 827/1828/827
vt 0.5922853946685791 0.3533381223678589
f 743/1780/743 879/1864/879 846/1799/846
vt 0.0057086129672825 0.5822822451591492
f 862/1865/862 838/1800/838 856/1796/856
vt 0.9956564307212830 0.1972126513719559
f 834/1788/834 869/1866/869 843/1808/843
vt 0.5135973095893860 0.3504542410373688
f 849/1825/849 855/1835/855 894/1867/894
vt 0.1846383213996887 0.8908792734146118
vt 0.1806511133909225 0.9132640957832336
vt 0.1641925424337387 0.9110633134841919
f 839/1868/839 831/1869/831 881/1870/881
vt 0.0322768911719322 0.6536549925804138
vt 0.0435476414859295 0.6769198775291443
vt 0.0188063234090805 0.6676446795463562
f 842/1871/842 908/1872/908 853/1873/853
vt 0.1022955253720284 0.9809007048606873
vt 0.0876766592264175 0.9756959080696106
vt 0.0951996594667435 0.9572421312332153
f 851/1874/851 906/1875/906 858/1876/858
vt 0.1740044206380844 0.0510909371078014
vt 0.1577609181404114 0.0687934830784798
vt 0.1507127881050110 0.0532698854804039
f 865/1877/865 913/1878/913 875/1879/875
vt 0.7381131052970886 0.9258772730827332
vt 0.7669580578804016 0.9305531382560730
vt 0.7402970790863037 0.9429127573966980
f 852/1880/852 813/1881/813 895/1882/895
vt 0.0503965243697166 0.6609949469566345
f 844/1883/844 908/1872/908 842/1871/842
vt 0.1847674101591110 0.9329032301902771
f 830/1884/830 881/1870/881 831/1869/831
vt 0.0754138305783272 0.2328801751136780
vt 0.0697816163301468 0.2503798007965088
vt 0.0635495558381081 0.2367067337036133
f 840/1885/840 867/1886/867 907/1887/907
vt 0.6130220293998718 0.0884548872709274
vt 0.6316823363304138 0.0948779508471489
vt 0.6162366271018982 0.1030735671520233
f 743/1888/743 860/1889/860 879/1890/879
vt 0.0710123255848885 0.2974103987216949
vt 0.0673359408974648 0.2791209220886230
vt 0.0851145386695862 0.2900400161743164
f 853/1891/853 866/1892/866 842/1893/842
vt 0.6538798809051514 0.0798390060663223
vt 0.6748325824737549 0.0917179584503174
vt 0.6685189604759216 0.1138577014207840
f 845/1894/845 840/1895/840 907/1896/907
vt 0.1127405688166618 0.4418740570545197
vt 0.0998988449573517 0.4541587829589844
vt 0.1030891314148903 0.4365328252315521
f 861/1897/861 871/1898/871 857/1899/857
vt 0.7084808945655823 0.9174972772598267
vt 0.7110036611557007 0.9470644593238831
f 870/1900/870 852/1880/852 954/1901/954
vt 0.9512032866477966 0.6968398094177246
vt 0.9316233992576599 0.6955969333648682
vt 0.9391670823097229 0.6760715842247009
f 861/1902/861 916/1903/916 876/1904/876
vt 0.0668573752045631 0.6661996841430664
f 844/1883/844 833/1905/833 908/1872/908
f 895/1882/895 954/1901/954 852/1880/852
vt 0.6373004317283630 0.1140405833721161
f 845/1894/845 893/1906/893 860/1889/860
vt 0.0906222537159920 0.7738580107688904
vt 0.0729138478636742 0.7579953074455261
vt 0.0945580825209618 0.7453658580780029
f 869/1907/869 937/1908/937 843/1909/843
vt 0.0948662906885147 0.4403656125068665
f 871/1898/871 863/1910/863 857/1899/857
vt 0.8932797908782959 0.2406931668519974
vt 0.8816817998886108 0.2681828141212463
vt 0.8706316351890564 0.2488696724176407
f 859/1911/859 880/1912/880 914/1913/914
vt 0.1005573272705078 0.4864361882209778
vt 0.0800595134496689 0.4666038155555725
f 871/1898/871 862/1914/862 935/1915/935
vt 0.1743976026773453 0.9477280378341675
f 830/1884/830 858/1916/858 881/1870/881
vt 0.7415233850479126 0.4150166213512421
vt 0.7435822486877441 0.4311915934085846
vt 0.7211492657661438 0.4281330704689026
f 869/1917/869 864/1918/864 918/1919/918
vt 0.8723932504653931 0.2163482010364532
f 854/1920/854 859/1911/859 914/1913/914
vt 0.9425160884857178 0.7060658931732178
f 889/1921/889 916/1903/916 861/1902/861
vt 0.1726795881986618 0.8868070244789124
f 881/1870/881 874/1922/874 839/1868/839
vt 0.2876311540603638 0.6752424836158752
vt 0.2851086258888245 0.7022663950920105
vt 0.2692437469959259 0.6730648279190063
f 847/1923/847 836/1924/836 899/1925/899
f 860/1889/860 893/1906/893 879/1890/879
vt 0.2833622395992279 0.6497833728790283
f 847/1923/847 899/1925/899 890/1926/890
vt 0.7394664883613586 0.4507842659950256
f 864/1918/864 850/1927/850 918/1919/918
vt 0.4014170169830322 0.0649313852190971
vt 0.4154181778430939 0.0923153832554817
vt 0.3969109654426575 0.0851482823491096
f 829/1928/829 917/1929/917 903/1930/903
vt 0.3812062144279480 0.0728595256805420
f 829/1928/829 903/1930/903 883/1931/883
vt 0.0293422937393188 0.6885993480682373
f 908/1872/908 925/1932/925 853/1873/853
vt 0.7343137860298157 0.5611506104469299
vt 0.7254457473754883 0.5426179766654968
vt 0.7507990002632141 0.5457428693771362
f 846/1933/846 898/1934/898 841/1935/841
vt 0.7384236454963684 0.5272784233093262
f 841/1935/841 898/1934/898 878/1936/878
vt 0.4251536726951599 0.0704299807548523
f 824/1937/824 917/1929/917 829/1928/829
vt 0.0677142962813377 0.6904876232147217
f 833/1905/833 904/1938/904 908/1872/908
vt 0.0830607265233994 0.7282700538635254
f 843/1909/843 937/1908/937 868/1939/868
vt 0.1741841137409210 0.0695354267954826
f 865/1877/865 901/1940/901 913/1878/913
vt 0.0542555004358292 0.3085883259773254
f 866/1892/866 853/1891/853 925/1941/925
vt 0.7394239902496338 0.5069112181663513
vt 0.7121647000312805 0.5084290504455566
f 855/1942/855 878/1936/878 897/1943/897
vt 0.0730362460017204 0.2629491090774536
vt 0.0483153946697712 0.2641793787479401
f 867/1886/867 873/1944/873 886/1945/886
vt 0.0946549177169800 0.5098096132278442
vt 0.0787552371621132 0.5016470551490784
f 862/1914/862 856/1946/856 892/1947/892
f 866/1892/866 886/1945/886 873/1944/873
f 845/1894/845 907/1896/907 893/1906/893
vt 0.7383539676666260 0.4793868958950043
vt 0.7198992967605591 0.4561842978000641
f 850/1927/850 849/1948/849 877/1949/877
vt 0.7659987211227417 0.9456866383552551
f 895/1882/895 813/1881/813 883/1950/883
vt 0.7342379093170166 0.4917586743831635
f 855/1942/855 897/1943/897 894/1951/894
vt 0.0835476368665695 0.4403659403324127
f 863/1910/863 871/1898/871 889/1952/889
vt 0.4454036951065063 0.8480835556983948
vt 0.4240477085113525 0.8462496399879456
vt 0.4232669472694397 0.8241189122200012
f 865/1953/865 882/1954/882 923/1955/923
vt 0.4517306089401245 0.8311414718627930
f 865/1953/865 923/1955/923 901/1956/901
vt 0.0648043230175972 0.9529160261154175
vt 0.0778972133994102 0.9396005272865295
f 858/1876/858 906/1957/906 887/1958/887
vt 0.4393872618675232 0.0679564774036407
vt 0.4424826502799988 0.0926309525966644
f 837/1959/837 932/1960/932 824/1937/824
f 850/1927/850 877/1949/877 918/1919/918
vt 0.2836208939552307 0.7217050790786743
vt 0.2597222030162811 0.7109005451202393
f 836/1924/836 827/1961/827 905/1962/905
vt 0.0932955890893936 0.7119331359863281
vt 0.0680760890245438 0.7064548730850220
f 837/1963/837 868/1939/868 932/1964/932
vt 0.0840949788689613 0.6750142574310303
f 833/1905/833 872/1965/872 904/1938/904
vt 0.1265136450529099 0.0542645268142223
vt 0.1247417256236076 0.0747615769505501
f 856/1966/856 875/1879/875 892/1967/892
vt 0.0724372938275337 0.4880364537239075
f 862/1914/862 896/1968/896 935/1915/935
f 871/1898/871 935/1915/935 889/1952/889
vt 0.7424778938293457 0.5721933841705322
vt 0.7321470975875854 0.5784700512886047
f 879/1969/879 924/1970/924 846/1933/846
vt 0.8901370167732239 0.2850927710533142
vt 0.8708427548408508 0.2956389486789703
vt 0.8620170354843140 0.2899888157844543
f 874/1971/874 888/1972/888 939/1973/939
vt 0.1664530038833618 0.8846549987792969
vt 0.1597650349140167 0.8840087652206421
f 874/1974/874 881/1870/881 888/1975/888
vt 0.0658986568450928 0.7736202478408813
f 869/1907/869 909/1976/909 937/1908/937
f 862/1914/862 892/1947/892 896/1968/896
vt 0.0427187755703926 0.2879989743232727
f 925/1941/925 910/1977/910 866/1892/866
f 874/1971/874 939/1973/939 880/1912/880
vt 0.7110183238983154 0.4847636222839355
f 849/1948/849 884/1978/884 877/1949/877
vt 0.0494727380573750 0.9623714685440063
vt 0.0499199740588665 0.9350775480270386
f 870/1979/870 954/1980/954 906/1957/906
f 836/1924/836 905/1962/905 899/1925/899
f 894/1951/894 884/1978/884 849/1948/849
f 878/1936/878 898/1934/898 897/1943/897
vt 0.9223471283912659 0.6634445190429688
vt 0.9432898163795471 0.6521294116973877
f 876/1904/876 885/1981/885 872/1982/872
f 875/1879/875 913/1878/913 892/1967/892
vt 0.0444128289818764 0.2439273446798325
f 867/1886/867 886/1945/886 891/1983/891
vt 0.4316737353801727 0.0967349037528038
f 824/1937/824 932/1960/932 943/1984/943
vt 0.7158019542694092 0.4041517674922943
f 869/1917/869 918/1919/918 909/1985/909
vt 0.4030671417713165 0.8454044461250305
vt 0.3845708668231964 0.8481967449188232
vt 0.3847073912620544 0.8231776356697083
f 848/1986/848 890/1987/890 915/1988/915
f 907/1887/907 867/1886/867 891/1983/891
f 917/1929/917 824/1937/824 943/1984/943
vt 0.1486397832632065 0.9330691695213318
f 858/1916/858 956/1989/956 881/1870/881
vt 0.2693028450012207 0.7322393059730530
f 827/1961/827 854/1990/854 905/1962/905
vt 0.7136524319648743 0.5684632658958435
f 846/1933/846 924/1970/924 922/1991/922
f 882/1954/882 848/1986/848 923/1955/923
vt 0.6137162446975708 0.1231842115521431
f 893/1906/893 924/1992/924 879/1890/879
vt 0.3773393929004669 0.0978641659021378
vt 0.3811945617198944 0.0729969888925552
f 903/1930/903 902/1993/902 883/1994/883
vt 0.8611514568328857 0.2764101922512054
f 880/1912/880 939/1973/939 942/1995/942
vt 0.4419474899768829 0.8181551694869995
f 923/1955/923 911/1996/911 901/1956/901
vt 0.6531495451927185 0.1294975429773331
f 893/1906/893 907/1896/907 945/1997/945
vt 0.1544077843427658 0.9530516862869263
f 858/1916/858 900/1998/900 956/1989/956
vt 0.7588107585906982 0.9611755013465881
f 883/1950/883 902/1999/902 895/1882/895
f 866/1892/866 910/1977/910 886/1945/886
vt 0.0603920370340347 0.7304503321647644
f 932/1964/932 868/1939/868 949/2000/949
vt 0.0681663304567337 0.4447774887084961
f 889/1952/889 935/1915/935 940/2001/940
vt 0.3973064124584198 0.8162304162979126
f 848/1986/848 915/1988/915 948/2002/948
vt 0.9303795099258423 0.7154887914657593
vt 0.9137381315231323 0.7087144255638123
f 889/2003/889 940/2004/940 916/1903/916
vt 0.0948467776179314 0.9317691922187805
f 887/1958/887 919/2005/919 858/1876/858
vt 0.0822615027427673 0.6995663642883301
f 904/1938/904 872/1965/872 934/2006/934
vt 0.1682614088058472 0.0914262607693672
f 913/1878/913 901/1940/901 947/2007/947
vt 0.9048474431037903 0.6490893363952637
f 885/1981/885 934/2008/934 872/1982/872
f 846/1933/846 922/1991/922 898/1934/898
vt 0.1138964518904686 0.9385928511619568
f 858/1876/858 919/2005/919 900/2009/900
f 948/2002/948 923/1955/923 848/1986/848
vt 0.7072789669036865 0.5391653776168823
f 897/1943/897 898/1934/898 963/2010/963
vt 0.3855028450489044 0.0995464473962784
f 902/1993/902 903/1930/903 929/2011/929
vt 0.9145070314407349 0.6880301833152771
f 916/1903/916 966/2012/966 876/1904/876
f 868/1939/868 937/1908/937 949/2000/949
f 894/1951/894 897/1943/897 884/1978/884
vt 0.2494805157184601 0.6489602923393250
f 890/1926/890 899/1925/899 915/2013/915
vt 0.8570493459701538 0.2361009865999222
f 854/1920/854 914/1913/914 912/2014/912
vt 0.0514719337224960 0.7003075480461121
f 908/1872/908 904/1938/904 926/2015/926
vt 0.0373550951480865 0.2995934784412384
f 925/1941/925 938/2016/938 910/1977/910
vt 0.0568967722356319 0.7168512940406799
f 932/1964/932 949/2000/949 943/2017/943
vt 0.1344653367996216 0.0938849821686745
f 892/1967/892 913/1878/913 933/2018/933
vt 0.1788563579320908 0.0837572142481804
f 947/2007/947 901/1940/901 911/2019/911
f 880/1912/880 942/1995/942 914/1913/914
vt 0.7307085394859314 0.9649328589439392
f 895/1882/895 927/2020/927 954/1901/954
f 908/1872/908 926/2015/926 925/1932/925
f 895/1882/895 902/1999/902 927/2020/927
f 898/1934/898 922/1991/922 963/2010/963
vt 0.1426800489425659 0.9454308152198792
f 900/1998/900 936/2021/936 956/1989/956
vt 0.6392481327056885 0.1337330788373947
f 893/1906/893 945/1997/945 970/2022/970
f 876/1904/876 966/2012/966 885/1981/885
vt 0.7026180028915405 0.4673521816730499
f 877/1949/877 884/1978/884 920/2023/920
vt 0.2481090873479843 0.6893000006675720
f 899/1925/899 905/1962/905 965/2024/965
vt 0.1385022848844528 0.9072447419166565
f 881/1870/881 956/1989/956 931/2025/931
vt 0.1478684544563293 0.8936026692390442
f 881/1870/881 931/2025/931 888/2026/888
f 906/1957/906 954/1980/954 887/1958/887
vt 0.6742342114448547 0.1316193044185638
f 907/1896/907 930/2027/930 945/1997/945
vt 0.2448983639478683 0.6712469458580017
f 915/2013/915 899/1925/899 964/2028/964
f 916/1903/916 940/2004/940 966/2012/966
vt 0.0630571022629738 0.5082613825798035
f 892/1947/892 944/2029/944 896/1968/896
vt 0.7538590431213379 0.9777111411094666
f 902/1999/902 929/2030/929 927/2020/927
f 899/1925/899 965/2024/965 964/2028/964
vt 0.7045968174934387 0.9730762243270874
f 954/1901/954 927/2020/927 921/2031/921
vt 0.1253443360328674 0.0875555798411369
vt 0.1196138039231300 0.0906038135290146
f 933/2032/933 944/2033/944 892/1967/892
vt 0.3795793056488037 0.4419036209583282
vt 0.3695601224899292 0.4463031589984894
vt 0.3648032546043396 0.4228216409683228
f 924/2034/924 893/2035/893 970/2036/970
vt 0.5052583217620850 0.7756828069686890
vt 0.5216498374938965 0.7750680446624756
vt 0.5038060545921326 0.7955701947212219
f 885/2037/885 928/2038/928 934/2039/934
vt 0.2656828761100769 0.3327508568763733
vt 0.2794115245342255 0.3286545872688293
vt 0.2728743255138397 0.3498982787132263
f 891/2040/891 886/2041/886 968/2042/968
vt 0.3450746536254883 0.5609266161918640
vt 0.3529591560363770 0.5486614108085632
vt 0.3651216626167297 0.5628306269645691
f 925/2043/925 961/2044/961 938/2045/938
vt 0.6973297595977783 0.4829896092414856
f 884/1978/884 958/2046/958 920/2023/920
vt 0.2974276244640350 0.3225194811820984
f 910/2047/910 968/2042/968 886/2041/886
vt 0.3842723667621613 0.4339765608310699
f 970/2036/970 922/2048/922 924/2034/924
vt 0.8412134051322937 0.2064954787492752
vt 0.8181037306785583 0.2193771898746490
vt 0.8227014541625977 0.1960031092166901
f 947/2049/947 959/2050/959 913/2051/913
vt 0.2762876152992249 0.4381652474403381
vt 0.3051482737064362 0.4304136335849762
vt 0.2952858209609985 0.4455403983592987
f 917/2052/917 929/2053/929 903/2054/903
f 877/1949/877 920/2023/920 918/1919/918
vt 0.3141654133796692 0.3276112973690033
vt 0.3032137453556061 0.3445622920989990
f 938/2055/938 951/2056/951 910/2047/910
vt 0.8037698268890381 0.2053157240152359
f 933/2057/933 913/2051/913 959/2050/959
vt 0.2557986080646515 0.3270380198955536
vt 0.2407316565513611 0.3246180117130280
f 907/2058/907 891/2040/891 930/2059/930
vt 0.5889734625816345 0.7669588327407837
vt 0.6064601540565491 0.7462487220764160
vt 0.6081107258796692 0.7624517679214478
f 952/2060/952 900/2061/900 919/2062/919
vt 0.7838661670684814 0.2043659985065460
vt 0.7908844351768494 0.2234787344932556
f 944/2063/944 933/2057/933 967/2064/967
vt 0.5143078565597534 0.7557689547538757
f 966/2065/966 928/2038/928 885/2037/885
vt 0.7653418779373169 0.2027320712804794
vt 0.7588164806365967 0.2152327895164490
vt 0.7568784356117249 0.1936565786600113
f 888/2066/888 931/2067/931 939/2068/939
f 910/2047/910 951/2056/951 968/2042/968
vt 0.2798328399658203 0.3998101055622101
f 917/2052/917 969/2069/969 929/2053/929
vt 0.2382309138774872 0.7015437483787537
vt 0.2405675202608109 0.7235760688781738
vt 0.2184735238552094 0.7176448702812195
f 905/2070/905 854/2071/854 912/2072/912
vt 0.3723341822624207 0.5559711456298828
f 938/2045/938 961/2044/961 951/2073/951
vt 0.3850173950195312 0.3296831548213959
vt 0.3791160583496094 0.3450682163238525
vt 0.3682961165904999 0.3280175924301147
f 909/2074/909 941/2075/941 937/2076/937
vt 0.3003967404365540 0.4579448997974396
vt 0.3221801817417145 0.4641140997409821
vt 0.3040280044078827 0.4739609956741333
f 921/2077/921 927/2078/927 946/2079/946
vt 0.2939222157001495 0.7677844166755676
vt 0.3114044070243835 0.7802259922027588
vt 0.2935351133346558 0.8050718307495117
f 948/2080/948 915/2081/915 979/2082/979
f 930/2059/930 891/2040/891 968/2042/968
vt 0.4179168045520782 0.0454006604850292
vt 0.4393808841705322 0.0331313274800777
vt 0.4406885802745819 0.0471949949860573
f 918/2083/918 941/2084/941 909/2085/909
vt 0.7252626419067383 0.7829302549362183
vt 0.7205612659454346 0.7559037208557129
vt 0.7373339533805847 0.7569736242294312
f 958/2086/958 884/2087/884 897/2088/897
vt 0.6060097813606262 0.7783692479133606
f 919/2062/919 887/2089/887 952/2060/952
vt 0.7883350253105164 0.7485058903694153
vt 0.7622084617614746 0.7609267234802246
f 963/2090/963 950/2091/950 897/2088/897
vt 0.6602059006690979 0.2464973181486130
vt 0.6547695398330688 0.2218793481588364
vt 0.6770106554031372 0.2289193570613861
f 935/2092/935 896/2093/896 957/2094/957
vt 0.3031983971595764 0.5605821013450623
vt 0.3055322170257568 0.5237326622009277
vt 0.3171783983707428 0.5585402846336365
f 934/2095/934 955/2096/955 904/2097/904
vt 0.3514765799045563 0.3365943729877472
f 937/2076/937 941/2075/941 949/2098/949
vt 0.2294833064079285 0.7514977455139160
vt 0.2504550814628601 0.7573986649513245
vt 0.2375571727752686 0.7731664776802063
f 947/2099/947 911/2100/911 960/2101/960
vt 0.8404489755630493 0.2224047631025314
f 947/2049/947 960/2102/960 959/2050/959
vt 0.5067117810249329 0.7299081087112427
vt 0.5238124728202820 0.7384029030799866
f 940/2103/940 988/2104/988 966/2065/966
vt 0.3292396068572998 0.5510386824607849
f 925/2043/925 926/2105/926 961/2044/961
vt 0.2270570397377014 0.6883297562599182
f 905/2070/905 912/2072/912 965/2106/965
vt 0.4009494483470917 0.0443085283041000
vt 0.3983594477176666 0.0284478999674320
f 920/2107/920 958/2108/958 918/2083/918
vt 0.6567778587341309 0.2064470201730728
f 944/2109/944 957/2094/957 896/2093/896
vt 0.5904568433761597 0.7427959442138672
f 900/2061/900 952/2060/952 936/2110/936
vt 0.7824361324310303 0.3061934709548950
vt 0.7858873605728149 0.2900078594684601
vt 0.8009808659553528 0.3040004968643188
f 939/2111/939 971/2112/971 942/2113/942
vt 0.5043572187423706 0.7992333769798279
vt 0.5416610836982727 0.8133755922317505
f 934/2114/934 928/2038/928 955/2115/955
f 959/2050/959 967/2064/967 933/2057/933
vt 0.2575685083866119 0.4301173985004425
f 917/2052/917 943/2116/943 969/2069/969
vt 0.8210074305534363 0.3089537620544434
vt 0.8135161399841309 0.2731987237930298
f 914/2117/914 942/2113/942 976/2118/976
vt 0.8408207297325134 0.3034015893936157
f 914/2117/914 976/2118/976 912/2119/912
vt 0.6001893281936646 0.7943167090415955
f 887/2089/887 954/2120/954 952/2060/952
vt 0.4175222218036652 0.0231023803353310
f 918/2083/918 953/2121/953 941/2084/941
vt 0.3284570276737213 0.3352579176425934
vt 0.3325677812099457 0.3521779477596283
f 943/2122/943 949/2098/949 962/2123/962
vt 0.6034049987792969 0.8107957243919373
vt 0.5829133987426758 0.8006965517997742
f 954/2120/954 921/2124/921 946/2125/946
vt 0.7843937277793884 0.7820979356765747
f 963/2090/963 973/2126/973 950/2091/950
vt 0.3113921284675598 0.8176379203796387
f 915/2081/915 964/2127/964 979/2082/979
vt 0.3581708967685699 0.3698336780071259
f 949/2098/949 941/2075/941 993/2128/993
vt 0.3840003311634064 0.4318069219589233
vt 0.3827142119407654 0.3964904248714447
f 922/2129/922 970/2036/970 1000/2130/1000
vt 0.3512085974216461 0.4592157900333405
vt 0.3454455435276031 0.4928640723228455
f 929/2131/929 990/2132/990 927/2078/927
vt 0.2625929415225983 0.7764988541603088
f 911/2100/911 923/2133/923 960/2101/960
vt 0.6580693721771240 0.2635392248630524
vt 0.6896352171897888 0.2574777901172638
f 940/2134/940 935/2092/935 988/2135/988
f 918/2083/918 958/2108/958 953/2121/953
vt 0.3028633594512939 0.4121116995811462
f 929/2053/929 969/2069/969 972/2136/972
vt 0.7544673085212708 0.2370396554470062
vt 0.7360709905624390 0.2088967561721802
f 931/2067/931 956/2137/956 971/2138/971
vt 0.6725634336471558 0.2032669335603714
f 944/2109/944 967/2139/967 957/2094/957
vt 0.5426604151725769 0.7789266109466553
f 928/2038/928 1002/2140/1002 955/2115/955
f 939/2068/939 931/2067/931 971/2138/971
vt 0.3423745930194855 0.4272072017192841
vt 0.3252124190330505 0.4312433302402496
vt 0.3258641958236694 0.3955574631690979
f 945/2141/945 930/2142/930 992/2143/992
vt 0.2646056711673737 0.8070275783538818
f 948/2080/948 979/2082/979 989/2144/989
vt 0.3628461062908173 0.4805949628353119
f 929/2131/929 972/2145/972 990/2132/990
vt 0.8110319972038269 0.2458229213953018
f 960/2102/960 996/2146/996 959/2050/959
f 948/2080/948 989/2144/989 923/2133/923
vt 0.8067684173583984 0.7424253225326538
vt 0.8194706439971924 0.7839852571487427
f 963/2090/963 922/2147/922 1000/2148/1000
vt 0.7484729290008545 0.2610296010971069
vt 0.7208786010742188 0.2418131828308105
f 956/2137/956 936/2149/936 999/2150/999
f 926/2105/926 904/2097/904 955/2096/955
vt 0.3137950301170349 0.3461336791515350
vt 0.3105578422546387 0.3591718673706055
f 961/2151/961 1001/2152/1001 951/2056/951
vt 0.7489063739776611 0.7817910909652710
f 897/2088/897 950/2091/950 974/2153/974
vt 0.2391315698623657 0.3698684275150299
f 930/2059/930 968/2042/968 992/2154/992
f 935/2092/935 957/2094/957 988/2135/988
vt 0.3517756760120392 0.3962455689907074
f 945/2141/945 992/2143/992 994/2155/994
vt 0.3418762385845184 0.5218946933746338
vt 0.3649236261844635 0.5193936228752136
f 961/2044/961 980/2156/980 1001/2157/1001
vt 0.2243432700634003 0.6620757579803467
vt 0.2016839534044266 0.6773552894592285
f 964/2158/964 965/2106/965 984/2159/984
f 942/2113/942 971/2112/971 976/2118/976
vt 0.4310738742351532 0.0079053798690438
f 941/2084/941 953/2121/953 995/2160/995
f 963/2090/963 1000/2148/1000 973/2126/973
f 945/2141/945 994/2155/994 970/2036/970
vt 0.5436552166938782 0.7435163259506226
f 988/2104/988 991/2161/991 966/2065/966
vt 0.2509355843067169 0.4140424430370331
f 943/2116/943 962/2162/962 969/2069/969
f 897/2088/897 974/2153/974 958/2086/958
f 926/2105/926 980/2156/980 961/2044/961
f 956/2137/956 999/2150/999 971/2138/971
f 954/2120/954 946/2125/946 952/2060/952
vt 0.3962771594524384 0.3688089847564697
f 941/2075/941 995/2163/995 993/2128/993
vt 0.8428245186805725 0.2713983952999115
f 976/2118/976 982/2164/982 912/2119/912
vt 0.3029249906539917 0.3722504675388336
f 951/2056/951 1001/2165/1001 968/2042/968
f 949/2098/949 993/2128/993 962/2123/962
f 966/2065/966 991/2161/991 928/2038/928
vt 0.2548385560512543 0.3988593816757202
f 962/2162/962 986/2166/986 969/2069/969
f 912/2072/912 984/2159/984 965/2106/965
vt 0.3155446052551270 0.4970227777957916
f 927/2078/927 998/2167/998 946/2079/946
f 926/2105/926 955/2096/955 980/2156/980
vt 0.5681710243225098 0.7426924705505371
f 936/2110/936 952/2060/952 978/2168/978
vt 0.7210977673530579 0.2748077213764191
f 936/2149/936 978/2169/978 999/2150/999
vt 0.6954784393310547 0.2171911299228668
f 967/2139/967 987/2170/987 957/2094/957
f 959/2050/959 996/2146/996 967/2064/967
vt 0.2316146045923233 0.7988919615745544
f 923/2133/923 977/2171/977 960/2101/960
vt 0.2796094417572021 0.8321052193641663
f 979/2082/979 964/2127/964 984/2172/984
vt 0.7523347735404968 0.8050062656402588
f 958/2086/958 974/2153/974 975/2173/975
vt 0.8429079055786133 0.2465701252222061
f 960/2102/960 977/2174/977 996/2146/996
f 927/2078/927 990/2132/990 998/2167/998
vt 0.5676879882812500 0.7710275053977966
f 952/2060/952 946/2125/946 981/2175/981
vt 0.3940413594245911 0.0087788021191955
f 958/2108/958 975/2176/975 953/2121/953
f 952/2060/952 981/2175/981 978/2168/978
vt 0.3279538452625275 0.3689990043640137
f 962/2123/962 993/2128/993 986/2177/986
vt 0.7183654308319092 0.2088075578212738
f 971/2138/971 999/2150/999 997/2178/997
vt 0.3071377873420715 0.3969264924526215
f 972/2136/972 969/2069/969 985/2179/985
vt 0.5681874752044678 0.8021811842918396
f 946/2125/946 998/2180/998 981/2175/981
vt 0.2641080617904663 0.3747851550579071
f 968/2042/968 983/2181/983 992/2154/992
f 968/2042/968 1001/2165/1001 983/2181/983
vt 0.1971178948879242 0.7154811620712280
f 984/2159/984 912/2072/912 982/2182/982
f 1000/2130/1000 970/2036/970 994/2155/994
f 950/2091/950 973/2126/973 974/2153/974
vt 0.7755700945854187 0.2437440603971481
f 967/2064/967 996/2146/996 987/2183/987
f 923/2133/923 989/2144/989 977/2171/977
f 928/2038/928 991/2161/991 1002/2140/1002
vt 0.3662767112255096 0.4949737787246704
f 972/2145/972 985/2184/985 990/2132/990
f 979/2082/979 984/2172/984 989/2144/989
vt 0.7740203738212585 0.2629788219928741
f 976/2118/976 971/2112/971 997/2185/997
f 957/2094/957 987/2170/987 988/2135/988
f 995/2160/995 953/2121/953 975/2176/975
f 988/2135/988 987/2170/987 999/2150/999
vt 0.7917812466621399 0.8067771196365356
f 975/2173/975 973/2126/973 995/2186/995
f 975/2173/975 974/2153/974 973/2126/973
f 980/2156/980 955/2096/955 998/2167/998
vt 0.2347713410854340 0.8248008489608765
f 984/2172/984 982/2187/982 989/2144/989
vt 0.6967939734458923 0.2645270228385925
f 988/2135/988 999/2150/999 991/2188/991
f 994/2155/994 992/2143/992 993/2128/993
vt 0.2451939284801483 0.3898728787899017
f 992/2189/992 983/2181/983 986/2166/986
f 1000/2130/1000 993/2128/993 995/2163/995
f 955/2115/955 981/2175/981 998/2180/998
f 994/2155/994 993/2128/993 1000/2130/1000
f 990/2132/990 985/2184/985 1001/2157/1001
f 973/2126/973 1000/2148/1000 995/2186/995
f 981/2175/981 1002/2140/1002 978/2168/978
f 986/2166/986 983/2181/983 969/2069/969
f 977/2174/977 976/2118/976 996/2146/996
f 997/2185/997 987/2183/987 996/2146/996
f 985/2179/985 969/2069/969 1001/2165/1001
f 976/2118/976 977/2174/977 982/2164/982
f 996/2146/996 976/2118/976 997/2185/997
f 993/2128/993 992/2143/992 986/2177/986
f 991/2161/991 978/2168/978 1002/2140/1002
f 990/2132/990 1001/2157/1001 980/2156/980
f 990/2132/990 980/2156/980 998/2167/998
f 999/2150/999 987/2170/987 997/2178/997
f 955/2115/955 1002/2140/1002 981/2175/981
f 978/2169/978 991/2188/991 999/2150/999
f 977/2171/977 989/2144/989 982/2187/982
f 969/2069/969 983/2181/983 1001/2165/1001
# 2000 faces, 2189 coords texture

# End of File
